Time[s],Time[hh:mm:ss],VO2[mL/kg/min],VO2[mL/min],HR[bpm],Rf[bpm],Tv[L],Ve[L/min],Ve/VO2,FeO2[%],Pressure[hPa],Temp[C],HUM[%RH],RR[ms],Time
1,00:00:01,0.0,0.0,60.0,0.0,0.0,0.0,0.0,0.0,0.0,0.0,0.0,912.11,2021-12-03 11:23:38
2,00:00:02,0.0,0.0,61.0,0.0,0.0,0.0,0.0,0.0,0.0,0.0,0.0,964.84,2021-12-03 11:23:39
3,00:00:03,2.41,152.0,62.0,17.11,1.22,21.03,138.36,19.97,1001.9,24.81,30.66,976.56,2021-12-03 11:23:40
4,00:00:04,2.41,152.0,63.0,17.11,1.22,21.03,138.36,19.97,1001.9,24.81,30.66,953.12,2021-12-03 11:23:41
5,00:00:05,2.41,152.0,63.0,17.11,1.22,21.03,138.36,19.97,1001.9,24.81,30.66,980.47,2021-12-03 11:23:42
6,00:00:06,2.53,159.5,63.0,28.99,0.3,8.89,55.74,17.58,1001.9,24.82,30.69,945.31,2021-12-03 11:23:43
7,00:00:07,2.53,159.5,63.0,28.99,0.3,8.89,55.74,17.58,1001.9,24.82,30.69,976.56,2021-12-03 11:23:44
8,00:00:08,3.2,201.67,63.0,16.19,1.34,21.81,108.15,19.71,1001.6,24.82,30.74,1023.44,2021-12-03 11:23:45
9,00:00:09,3.2,201.67,62.0,16.19,1.34,21.81,108.15,19.71,1001.6,24.82,30.74,976.56,2021-12-03 11:23:46
10,00:00:10,3.2,201.67,62.0,16.19,1.34,21.81,108.15,19.71,1001.6,24.82,30.74,894.53,2021-12-03 11:23:47
11,00:00:11,3.2,201.67,62.0,16.19,1.34,21.81,108.15,19.71,1001.6,24.82,30.74,851.56,2021-12-03 11:23:48
12,00:00:12,4.32,272.33,62.0,17.88,1.33,23.9,87.76,19.43,1001.9,24.82,30.77,843.75,2021-12-03 11:23:49
13,00:00:13,4.32,272.33,62.0,17.88,1.33,23.9,87.76,19.43,1001.9,24.82,30.77,781.25,2021-12-03 11:23:50
14,00:00:14,4.32,272.33,62.0,17.88,1.33,23.9,87.76,19.43,1001.9,24.82,30.77,742.19,2021-12-03 11:23:51
15,00:00:15,3.22,202.83,62.0,23.24,0.56,13.2,65.08,18.63,1001.6,24.82,30.84,726.56,2021-12-03 11:23:52
16,00:00:16,3.22,202.83,68.0,23.24,0.56,13.2,65.08,18.63,1001.6,24.82,30.84,697.27,2021-12-03 11:23:53
17,00:00:17,8.11,510.83,70.0,21.79,1.42,30.99,60.67,18.76,1001.3,24.83,30.88,686.52,2021-12-03 11:23:54
18,00:00:18,8.11,510.83,76.0,21.79,1.42,30.99,60.67,18.76,1001.3,24.83,30.88,667.97,2021-12-03 11:23:55
19,00:00:19,8.11,510.83,79.0,21.79,1.42,30.99,60.67,18.76,1001.3,24.83,30.88,644.53,2021-12-03 11:23:56
20,00:00:20,8.11,510.83,86.0,21.79,1.42,30.99,60.67,18.76,1001.3,24.83,30.88,638.67,2021-12-03 11:23:57
21,00:00:21,6.61,416.5,86.0,16.11,1.4,22.7,54.5,18.51,1001.9,24.83,31.0,632.81,2021-12-03 11:23:58
22,00:00:22,6.61,416.5,90.0,16.11,1.4,22.7,54.5,18.51,1001.9,24.83,31.0,619.79,2021-12-03 11:23:59
23,00:00:23,6.61,416.5,93.0,16.11,1.4,22.7,54.5,18.51,1001.9,24.83,31.0,601.56,2021-12-03 11:24:00
24,00:00:24,7.68,483.67,95.0,17.17,1.45,24.91,51.5,18.38,1001.9,24.83,31.15,587.89,2021-12-03 11:24:01
25,00:00:25,7.68,483.67,96.0,17.17,1.45,24.91,51.5,18.38,1001.9,24.83,31.15,578.12,2021-12-03 11:24:02
26,00:00:26,7.68,483.67,99.0,17.17,1.45,24.91,51.5,18.38,1001.9,24.83,31.15,572.27,2021-12-03 11:24:03
27,00:00:27,7.68,483.67,101.0,17.17,1.45,24.91,51.5,18.38,1001.9,24.83,31.15,566.41,2021-12-03 11:24:04
28,00:00:28,7.68,483.67,103.0,17.28,1.44,25.01,51.5,18.38,1001.7,24.83,31.35,562.5,2021-12-03 11:24:05
29,00:00:29,7.68,483.67,103.0,17.28,1.44,25.01,51.5,18.38,1001.7,24.83,31.35,1113.28,2021-12-03 11:24:06
30,00:00:30,7.68,483.67,104.0,17.28,1.44,25.01,51.5,18.38,1001.7,24.83,31.35,550.78,2021-12-03 11:24:07
31,00:00:31,6.81,428.83,105.0,16.37,1.33,21.79,50.81,18.32,1001.7,24.83,31.57,548.83,2021-12-03 11:24:08
32,00:00:32,6.81,428.83,107.0,16.37,1.33,21.79,50.81,18.32,1001.7,24.83,31.57,542.97,2021-12-03 11:24:09
33,00:00:33,6.81,428.83,110.0,16.37,1.33,21.79,50.81,18.32,1001.7,24.83,31.57,541.02,2021-12-03 11:24:10
34,00:00:34,6.81,428.83,110.0,16.37,1.33,21.79,50.81,18.32,1001.7,24.83,31.57,539.06,2021-12-03 11:24:11
35,00:00:35,8.38,528.0,111.0,18.08,1.35,24.46,46.33,18.07,1001.4,24.83,31.72,534.18,2021-12-03 11:24:12
36,00:00:36,8.38,528.0,111.0,18.08,1.35,24.46,46.33,18.07,1001.4,24.83,31.72,531.25,2021-12-03 11:24:13
37,00:00:37,6.24,393.17,112.0,29.83,0.57,17.16,43.65,17.5,1001.8,24.84,31.83,531.25,2021-12-03 11:24:14
38,00:00:38,6.24,393.17,113.0,29.83,0.57,17.16,43.65,17.5,1001.8,24.84,31.83,527.34,2021-12-03 11:24:15
39,00:00:39,6.24,393.17,113.0,29.83,0.57,17.16,43.65,17.5,1001.8,24.84,31.83,523.44,2021-12-03 11:24:16
40,00:00:40,8.46,532.83,114.0,23.24,0.8,18.78,35.25,16.94,1001.4,24.84,31.96,521.48,2021-12-03 11:24:17
41,00:00:41,8.46,532.83,114.0,23.24,0.8,18.78,35.25,16.94,1001.4,24.84,31.96,513.67,2021-12-03 11:24:18
42,00:00:42,10.71,674.83,115.0,27.63,0.72,19.91,29.5,16.07,1001.3,24.84,32.05,515.62,2021-12-03 11:24:19
43,00:00:43,10.71,674.83,116.0,27.63,0.72,19.91,29.5,16.07,1001.3,24.84,32.05,509.77,2021-12-03 11:24:20
44,00:00:44,13.32,839.33,117.0,31.27,0.66,20.8,24.78,15.06,1000.5,24.84,32.12,509.77,2021-12-03 11:24:21
45,00:00:45,13.32,839.33,117.0,31.27,0.66,20.8,24.78,15.06,1000.5,24.84,32.12,503.91,2021-12-03 11:24:22
46,00:00:46,13.32,839.33,118.0,31.27,0.66,20.8,24.78,15.06,1000.5,24.84,32.12,507.81,2021-12-03 11:24:23
47,00:00:47,13.32,839.33,118.0,31.27,0.66,20.8,24.78,15.06,1000.5,24.84,32.12,507.81,2021-12-03 11:24:24
48,00:00:48,15.75,992.0,118.0,14.16,1.32,18.8,18.95,13.92,1001.7,24.84,32.21,507.81,2021-12-03 11:24:25
49,00:00:49,15.75,992.0,118.0,14.16,1.32,18.8,18.95,13.92,1001.7,24.84,32.21,507.81,2021-12-03 11:24:26
50,00:00:50,15.75,992.0,118.0,14.16,1.32,18.8,18.95,13.92,1001.7,24.84,32.21,503.91,2021-12-03 11:24:27
51,00:00:51,15.75,992.0,118.0,14.16,1.32,18.8,18.95,13.92,1001.7,24.84,32.21,503.91,2021-12-03 11:24:28
52,00:00:52,25.55,1609.67,119.0,13.81,2.2,30.38,18.87,14.12,1001.4,24.85,32.37,503.91,2021-12-03 11:24:29
53,00:00:53,25.55,1609.67,119.0,13.81,2.2,30.38,18.87,14.12,1001.4,24.85,32.37,501.46,2021-12-03 11:24:30
54,00:00:54,25.55,1609.67,119.0,13.81,2.2,30.38,18.87,14.12,1001.4,24.85,32.37,500.0,2021-12-03 11:24:31
55,00:00:55,25.55,1609.67,119.0,13.81,2.2,30.38,18.87,14.12,1001.4,24.85,32.37,501.95,2021-12-03 11:24:32
56,00:00:56,16.64,1048.5,120.0,15.43,1.37,21.19,20.21,14.37,1001.3,24.85,32.65,500.0,2021-12-03 11:24:33
57,00:00:57,16.64,1048.5,120.0,15.43,1.37,21.19,20.21,14.37,1001.3,24.85,32.65,496.09,2021-12-03 11:24:34
58,00:00:58,16.64,1048.5,120.0,15.43,1.37,21.19,20.21,14.37,1001.3,24.85,32.65,496.09,2021-12-03 11:24:35
59,00:00:59,16.64,1048.5,120.0,15.43,1.37,21.19,20.21,14.37,1001.3,24.85,32.65,496.09,2021-12-03 11:24:36
60,00:01:00,20.45,1288.5,121.0,17.05,1.44,24.6,19.09,14.02,1002.0,24.84,32.85,494.14,2021-12-03 11:24:37
61,00:01:01,20.45,1288.5,121.0,17.05,1.44,24.6,19.09,14.02,1002.0,24.84,32.85,492.19,2021-12-03 11:24:38
62,00:01:02,20.45,1288.5,121.0,17.05,1.44,24.6,19.09,14.02,1002.0,24.84,32.85,494.14,2021-12-03 11:24:39
63,00:01:03,20.45,1288.5,122.0,17.05,1.44,24.6,19.09,14.02,1002.0,24.84,32.85,494.14,2021-12-03 11:24:40
64,00:01:04,20.45,1288.5,122.0,14.92,1.42,21.26,19.09,14.02,1001.2,24.85,33.11,492.19,2021-12-03 11:24:41
65,00:01:05,20.45,1288.5,122.0,14.92,1.42,21.26,19.09,14.02,1001.2,24.85,33.11,490.23,2021-12-03 11:24:42
66,00:01:06,20.45,1288.5,122.0,14.92,1.42,21.26,19.09,14.02,1001.2,24.85,33.11,488.28,2021-12-03 11:24:43
67,00:01:07,20.45,1288.5,122.0,14.92,1.42,21.26,19.09,14.02,1001.2,24.85,33.11,490.23,2021-12-03 11:24:44
68,00:01:08,20.45,1288.5,123.0,13.16,1.85,24.36,19.09,14.02,1001.2,24.85,33.38,484.38,2021-12-03 11:24:45
69,00:01:09,20.45,1288.5,123.0,13.16,1.85,24.36,19.09,14.02,1001.2,24.85,33.38,482.42,2021-12-03 11:24:46
70,00:01:10,20.45,1288.5,124.0,13.16,1.85,24.36,19.09,14.02,1001.2,24.85,33.38,480.47,2021-12-03 11:24:47
71,00:01:11,20.45,1288.5,124.0,13.16,1.85,24.36,19.09,14.02,1001.2,24.85,33.38,478.03,2021-12-03 11:24:48
72,00:01:12,20.45,1288.5,125.0,13.16,1.85,24.36,19.09,14.02,1001.2,24.85,33.38,480.47,2021-12-03 11:24:49
73,00:01:13,20.45,1288.5,125.0,13.16,1.85,24.36,19.09,14.02,1001.2,24.85,33.38,480.47,2021-12-03 11:24:50
74,00:01:14,22.31,1405.5,125.0,11.25,1.89,21.33,15.18,12.4,1001.6,24.85,33.62,476.56,2021-12-03 11:24:51
75,00:01:15,22.31,1405.5,126.0,11.25,1.89,21.33,15.18,12.4,1001.6,24.85,33.62,472.66,2021-12-03 11:24:52
76,00:01:16,22.31,1405.5,126.0,11.25,1.89,21.33,15.18,12.4,1001.6,24.85,33.62,472.66,2021-12-03 11:24:53
77,00:01:17,22.31,1405.5,126.0,11.25,1.89,21.33,15.18,12.4,1001.6,24.85,33.62,468.75,2021-12-03 11:24:54
78,00:01:18,31.14,1962.0,126.0,14.95,1.92,28.77,14.66,12.1,1001.0,24.86,33.85,472.66,2021-12-03 11:24:55
79,00:01:19,31.14,1962.0,127.0,14.95,1.92,28.77,14.66,12.1,1001.0,24.86,33.85,580.08,2021-12-03 11:24:56
80,00:01:20,31.14,1962.0,127.0,14.95,1.92,28.77,14.66,12.1,1001.0,24.86,33.85,460.94,2021-12-03 11:24:57
81,00:01:21,31.14,1962.0,129.0,14.95,1.92,28.77,14.66,12.1,1001.0,24.86,33.85,460.94,2021-12-03 11:24:58
82,00:01:22,24.2,1524.83,130.0,13.33,1.76,23.5,15.41,12.48,1001.1,24.85,34.21,458.98,2021-12-03 11:24:59
83,00:01:23,24.2,1524.83,130.0,13.33,1.76,23.5,15.41,12.48,1001.1,24.85,34.21,460.94,2021-12-03 11:25:00
84,00:01:24,24.2,1524.83,130.0,13.33,1.76,23.5,15.41,12.48,1001.1,24.85,34.21,456.05,2021-12-03 11:25:01
85,00:01:25,24.2,1524.83,131.0,13.33,1.76,23.5,15.41,12.48,1001.1,24.85,34.21,457.03,2021-12-03 11:25:02
86,00:01:26,33.7,2123.17,131.0,15.38,2.15,33.22,15.65,12.7,1000.6,24.85,34.45,457.03,2021-12-03 11:25:03
87,00:01:27,33.7,2123.17,131.0,15.38,2.15,33.22,15.65,12.7,1000.6,24.85,34.45,458.33,2021-12-03 11:25:04
88,00:01:28,33.7,2123.17,131.0,15.38,2.15,33.22,15.65,12.7,1000.6,24.85,34.45,455.08,2021-12-03 11:25:05
89,00:01:29,33.7,2123.17,131.0,15.38,2.15,33.22,15.65,12.7,1000.6,24.85,34.45,456.54,2021-12-03 11:25:06
90,00:01:30,25.74,1621.83,131.0,14.41,1.76,25.46,15.7,12.64,1001.0,24.85,34.86,462.89,2021-12-03 11:25:07
91,00:01:31,25.74,1621.83,131.0,14.41,1.76,25.46,15.7,12.64,1001.0,24.85,34.86,460.94,2021-12-03 11:25:08
92,00:01:32,25.74,1621.83,130.0,14.41,1.76,25.46,15.7,12.64,1001.0,24.85,34.86,459.64,2021-12-03 11:25:09
93,00:01:33,36.57,2304.0,130.0,18.17,2.06,37.51,16.28,13.0,1000.4,24.85,35.23,468.75,2021-12-03 11:25:10
94,00:01:34,36.57,2304.0,130.0,18.17,2.06,37.51,16.28,13.0,1000.4,24.85,35.23,691.41,2021-12-03 11:25:11
95,00:01:35,36.57,2304.0,130.0,18.17,2.06,37.51,16.28,13.0,1000.4,24.85,35.23,458.98,2021-12-03 11:25:12
96,00:01:36,36.57,2304.0,130.0,18.17,2.06,37.51,16.28,13.0,1000.4,24.85,35.23,458.98,2021-12-03 11:25:13
97,00:01:37,28.17,1774.67,130.0,14.25,2.11,30.11,16.97,13.33,1000.5,24.86,35.83,462.89,2021-12-03 11:25:14
98,00:01:38,28.17,1774.67,130.0,14.25,2.11,30.11,16.97,13.33,1000.5,24.86,35.83,463.54,2021-12-03 11:25:15
99,00:01:39,28.17,1774.67,130.0,14.25,2.11,30.11,16.97,13.33,1000.5,24.86,35.83,460.94,2021-12-03 11:25:16
100,00:01:40,28.17,1774.67,130.0,14.25,2.11,30.11,16.97,13.33,1000.5,24.86,35.83,460.94,2021-12-03 11:25:17
101,00:01:41,28.56,1799.0,130.0,15.95,1.94,31.07,17.27,13.44,1001.0,24.85,36.33,464.84,2021-12-03 11:25:18
102,00:01:42,28.56,1799.0,130.0,15.95,1.94,31.07,17.27,13.44,1001.0,24.85,36.33,925.78,2021-12-03 11:25:19
103,00:01:43,28.56,1799.0,130.0,15.95,1.94,31.07,17.27,13.44,1001.0,24.85,36.33,462.89,2021-12-03 11:25:20
104,00:01:44,28.56,1799.0,130.0,15.95,1.94,31.07,17.27,13.44,1001.0,24.85,36.33,460.94,2021-12-03 11:25:21
105,00:01:45,28.56,1799.0,130.0,15.95,1.94,31.07,17.27,13.44,1001.0,24.85,36.33,470.7,2021-12-03 11:25:22
106,00:01:46,28.56,1799.0,129.0,12.49,2.31,28.97,17.27,13.44,1000.4,24.85,36.97,472.66,2021-12-03 11:25:23
107,00:01:47,28.56,1799.0,129.0,12.49,2.31,28.97,17.27,13.44,1000.4,24.85,36.97,710.45,2021-12-03 11:25:24
108,00:01:48,28.56,1799.0,129.0,12.49,2.31,28.97,17.27,13.44,1000.4,24.85,36.97,466.8,2021-12-03 11:25:25
109,00:01:49,28.56,1799.0,128.0,12.49,2.31,28.97,17.27,13.44,1000.4,24.85,36.97,464.84,2021-12-03 11:25:26
110,00:01:50,28.56,1799.0,128.0,12.49,2.31,28.97,17.27,13.44,1000.4,24.85,36.97,468.75,2021-12-03 11:25:27
111,00:01:51,30.58,1926.5,128.0,13.43,2.32,31.23,16.21,13.02,1000.4,24.86,37.44,472.66,2021-12-03 11:25:28
112,00:01:52,30.58,1926.5,128.0,13.43,2.32,31.23,16.21,13.02,1000.4,24.86,37.44,623.7,2021-12-03 11:25:29
113,00:01:53,30.58,1926.5,128.0,13.43,2.32,31.23,16.21,13.02,1000.4,24.86,37.44,460.94,2021-12-03 11:25:30
114,00:01:54,30.58,1926.5,129.0,13.43,2.32,31.23,16.21,13.02,1000.4,24.86,37.44,462.89,2021-12-03 11:25:31
115,00:01:55,32.76,2064.17,129.0,15.18,2.26,34.43,16.68,13.23,1000.3,24.86,37.88,464.84,2021-12-03 11:25:32
116,00:01:56,32.76,2064.17,129.0,15.18,2.26,34.43,16.68,13.23,1000.3,24.86,37.88,919.92,2021-12-03 11:25:33
117,00:01:57,32.76,2064.17,130.0,15.18,2.26,34.43,16.68,13.23,1000.3,24.86,37.88,458.98,2021-12-03 11:25:34
118,00:01:58,32.76,2064.17,130.0,15.18,2.26,34.43,16.68,13.23,1000.3,24.86,37.88,457.03,2021-12-03 11:25:35
119,00:01:59,31.49,1983.67,130.0,14.75,2.19,32.39,16.33,13.05,1000.9,24.86,38.37,583.01,2021-12-03 11:25:36
120,00:02:00,31.49,1983.67,130.0,14.75,2.19,32.39,16.33,13.05,1000.9,24.86,38.37,464.84,2021-12-03 11:25:37
121,00:02:01,31.49,1983.67,129.0,14.75,2.19,32.39,16.33,13.05,1000.9,24.86,38.37,464.84,2021-12-03 11:25:38
122,00:02:02,31.49,1983.67,129.0,14.75,2.19,32.39,16.33,13.05,1000.9,24.86,38.37,470.7,2021-12-03 11:25:39
123,00:02:03,32.3,2034.67,129.0,14.44,2.35,34.07,16.74,13.27,999.6,24.86,38.95,476.56,2021-12-03 11:25:40
124,00:02:04,32.3,2034.67,129.0,14.44,2.35,34.07,16.74,13.27,999.6,24.86,38.95,945.31,2021-12-03 11:25:41
125,00:02:05,32.3,2034.67,129.0,14.44,2.35,34.07,16.74,13.27,999.6,24.86,38.95,464.52,2021-12-03 11:25:42
126,00:02:06,32.3,2034.67,129.0,14.44,2.35,34.07,16.74,13.27,999.6,24.86,38.95,464.84,2021-12-03 11:25:43
127,00:02:07,32.3,2034.67,129.0,14.44,2.35,34.07,16.74,13.27,999.6,24.86,38.95,468.75,2021-12-03 11:25:44
128,00:02:08,32.3,2034.67,129.0,14.44,2.35,34.07,16.74,13.27,999.6,24.86,38.95,935.55,2021-12-03 11:25:45
129,00:02:09,32.3,2034.67,129.0,14.44,2.35,34.07,16.74,13.27,999.6,24.86,38.95,462.89,2021-12-03 11:25:46
130,00:02:10,32.3,2034.67,129.0,14.44,2.35,34.07,16.74,13.27,999.6,24.86,38.95,464.84,2021-12-03 11:25:47
131,00:02:11,32.3,2034.67,129.0,14.39,2.31,33.37,16.74,13.27,999.7,24.86,40.02,464.84,2021-12-03 11:25:48
132,00:02:12,32.3,2034.67,129.0,14.39,2.31,33.37,16.74,13.27,999.7,24.86,40.02,939.45,2021-12-03 11:25:49
133,00:02:13,32.3,2034.67,129.0,14.39,2.31,33.37,16.74,13.27,999.7,24.86,40.02,464.84,2021-12-03 11:25:50
134,00:02:14,32.3,2034.67,129.0,14.39,2.31,33.37,16.74,13.27,999.7,24.86,40.02,464.84,2021-12-03 11:25:51
135,00:02:15,31.67,1995.17,129.0,16.12,2.07,33.48,16.78,13.25,1001.2,24.86,40.49,937.5,2021-12-03 11:25:52
136,00:02:16,31.67,1995.17,129.0,16.12,2.07,33.48,16.78,13.25,1001.2,24.86,40.49,937.5,2021-12-03 11:25:53
137,00:02:17,31.67,1995.17,129.0,16.12,2.07,33.48,16.78,13.25,1001.2,24.86,40.49,464.84,2021-12-03 11:25:54
138,00:02:18,31.67,1995.17,129.0,16.12,2.07,33.48,16.78,13.25,1001.2,24.86,40.49,462.89,2021-12-03 11:25:55
139,00:02:19,31.67,1995.17,129.0,14.22,2.22,31.72,16.78,13.25,1000.5,24.86,40.93,464.84,2021-12-03 11:25:56
140,00:02:20,31.67,1995.17,129.0,14.22,2.22,31.72,16.78,13.25,1000.5,24.86,40.93,782.55,2021-12-03 11:25:57
141,00:02:21,31.67,1995.17,129.0,14.22,2.22,31.72,16.78,13.25,1000.5,24.86,40.93,462.89,2021-12-03 11:25:58
142,00:02:22,31.67,1995.17,129.0,14.22,2.22,31.72,16.78,13.25,1000.5,24.86,40.93,464.36,2021-12-03 11:25:59
143,00:02:23,34.08,2147.33,129.0,16.32,2.36,38.56,17.96,13.79,1000.1,24.86,41.33,468.75,2021-12-03 11:26:00
144,00:02:24,34.08,2147.33,129.0,16.32,2.36,38.56,17.96,13.79,1000.1,24.86,41.33,701.17,2021-12-03 11:26:01
145,00:02:25,34.08,2147.33,129.0,16.32,2.36,38.56,17.96,13.79,1000.1,24.86,41.33,462.89,2021-12-03 11:26:02
146,00:02:26,27.47,1730.67,129.0,15.68,1.93,30.33,17.53,13.54,1000.4,24.86,41.77,462.89,2021-12-03 11:26:03
147,00:02:27,27.47,1730.67,129.0,15.68,1.93,30.33,17.53,13.54,1000.4,24.86,41.77,1402.34,2021-12-03 11:26:04
148,00:02:28,27.47,1730.67,130.0,15.68,1.93,30.33,17.53,13.54,1000.4,24.86,41.77,458.98,2021-12-03 11:26:05
149,00:02:29,27.47,1730.67,130.0,15.68,1.93,30.33,17.53,13.54,1000.4,24.86,41.77,460.94,2021-12-03 11:26:06
150,00:02:30,27.47,1730.67,130.0,17.75,2.09,37.27,17.53,13.54,999.6,24.86,42.12,468.75,2021-12-03 11:26:07
151,00:02:31,27.47,1730.67,130.0,17.75,2.09,37.27,17.53,13.54,999.6,24.86,42.12,693.36,2021-12-03 11:26:08
152,00:02:32,27.47,1730.67,130.0,17.75,2.09,37.27,17.53,13.54,999.6,24.86,42.12,455.73,2021-12-03 11:26:09
153,00:02:33,27.47,1730.67,131.0,17.75,2.09,37.27,17.53,13.54,999.6,24.86,42.12,457.03,2021-12-03 11:26:10
154,00:02:34,28.5,1795.5,131.0,14.19,2.17,30.82,17.17,13.43,1000.2,24.86,42.53,460.94,2021-12-03 11:26:11
155,00:02:35,28.5,1795.5,131.0,14.19,2.17,30.82,17.17,13.43,1000.2,24.86,42.53,1382.81,2021-12-03 11:26:12
156,00:02:36,28.5,1795.5,131.0,14.19,2.17,30.82,17.17,13.43,1000.2,24.86,42.53,455.08,2021-12-03 11:26:13
157,00:02:37,28.5,1795.5,131.0,14.19,2.17,30.82,17.17,13.43,1000.2,24.86,42.53,458.33,2021-12-03 11:26:14
158,00:02:38,33.92,2136.67,131.0,15.4,2.54,39.18,18.34,13.95,999.2,24.86,42.98,472.66,2021-12-03 11:26:15
159,00:02:39,33.92,2136.67,131.0,15.4,2.54,39.18,18.34,13.95,999.2,24.86,42.98,703.12,2021-12-03 11:26:16
160,00:02:40,33.92,2136.67,130.0,15.4,2.54,39.18,18.34,13.95,999.2,24.86,42.98,464.36,2021-12-03 11:26:17
161,00:02:41,33.92,2136.67,129.0,15.4,2.54,39.18,18.34,13.95,999.2,24.86,42.98,462.89,2021-12-03 11:26:18
162,00:02:42,33.92,2136.67,129.0,14.95,2.27,34.01,18.34,13.95,1000.6,24.86,43.44,474.61,2021-12-03 11:26:19
163,00:02:43,33.92,2136.67,129.0,14.95,2.27,34.01,18.34,13.95,1000.6,24.86,43.44,476.56,2021-12-03 11:26:20
164,00:02:44,33.92,2136.67,128.0,14.95,2.27,34.01,18.34,13.95,1000.6,24.86,43.44,635.42,2021-12-03 11:26:21
165,00:02:45,33.92,2136.67,128.0,14.95,2.27,34.01,18.34,13.95,1000.6,24.86,43.44,466.15,2021-12-03 11:26:22
166,00:02:46,30.5,1921.33,128.0,14.86,2.37,35.36,18.4,13.96,999.9,24.87,43.87,472.66,2021-12-03 11:26:23
167,00:02:47,30.5,1921.33,128.0,14.86,2.37,35.36,18.4,13.96,999.9,24.87,43.87,466.8,2021-12-03 11:26:24
168,00:02:48,30.5,1921.33,128.0,14.86,2.37,35.36,18.4,13.96,999.9,24.87,43.87,460.94,2021-12-03 11:26:25
169,00:02:49,30.5,1921.33,129.0,14.86,2.37,35.36,18.4,13.96,999.9,24.87,43.87,464.84,2021-12-03 11:26:26
170,00:02:50,30.95,1949.67,129.0,14.54,2.37,34.48,17.69,13.68,1000.2,24.86,44.16,480.47,2021-12-03 11:26:27
171,00:02:51,30.95,1949.67,129.0,14.54,2.37,34.48,17.69,13.68,1000.2,24.86,44.16,1453.12,2021-12-03 11:26:28
172,00:02:52,30.95,1949.67,129.0,14.54,2.37,34.48,17.69,13.68,1000.2,24.86,44.16,472.66,2021-12-03 11:26:29
173,00:02:53,30.95,1949.67,128.0,14.54,2.37,34.48,17.69,13.68,1000.2,24.86,44.16,467.45,2021-12-03 11:26:30
174,00:02:54,30.95,1949.67,128.0,15.27,2.3,35.27,17.69,13.68,1000.6,24.86,44.45,468.75,2021-12-03 11:26:31
175,00:02:55,30.95,1949.67,128.0,15.27,2.3,35.27,17.69,13.68,1000.6,24.86,44.45,468.75,2021-12-03 11:26:32
176,00:02:56,30.95,1949.67,128.0,15.27,2.3,35.27,17.69,13.68,1000.6,24.86,44.45,947.27,2021-12-03 11:26:33
177,00:02:57,30.95,1949.67,128.0,15.27,2.3,35.27,17.69,13.68,1000.6,24.86,44.45,468.75,2021-12-03 11:26:34
178,00:02:58,30.57,1925.67,128.0,14.51,2.31,33.63,17.46,13.58,1000.4,24.86,44.77,466.8,2021-12-03 11:26:35
179,00:02:59,30.57,1925.67,128.0,14.51,2.31,33.63,17.46,13.58,1000.4,24.86,44.77,464.84,2021-12-03 11:26:36
180,00:03:00,30.57,1925.67,128.0,14.51,2.31,33.63,17.46,13.58,1000.4,24.86,44.77,466.15,2021-12-03 11:26:37
181,00:03:01,30.57,1925.67,128.0,14.51,2.31,33.63,17.46,13.58,1000.4,24.86,44.77,629.39,2021-12-03 11:26:38
182,00:03:02,30.57,1925.67,128.0,14.51,2.31,33.63,17.46,13.58,1000.4,24.86,44.77,462.89,2021-12-03 11:26:39
183,00:03:03,25.82,1626.5,129.0,13.26,2.07,27.51,16.91,13.3,1000.4,24.86,45.09,464.84,2021-12-03 11:26:40
184,00:03:04,25.82,1626.5,129.0,13.26,2.07,27.51,16.91,13.3,1000.4,24.86,45.09,683.59,2021-12-03 11:26:41
185,00:03:05,25.82,1626.5,129.0,13.26,2.07,27.51,16.91,13.3,1000.4,24.86,45.09,451.17,2021-12-03 11:26:42
186,00:03:06,25.82,1626.5,130.0,15.57,2.25,35.11,16.91,13.3,1000.5,24.86,45.33,449.22,2021-12-03 11:26:43
187,00:03:07,25.82,1626.5,130.0,15.57,2.25,35.11,16.91,13.3,1000.5,24.86,45.33,1367.19,2021-12-03 11:26:44
188,00:03:08,25.82,1626.5,132.0,15.57,2.25,35.11,16.91,13.3,1000.5,24.86,45.33,447.27,2021-12-03 11:26:45
189,00:03:09,25.82,1626.5,133.0,15.57,2.25,35.11,16.91,13.3,1000.5,24.86,45.33,447.27,2021-12-03 11:26:46
190,00:03:10,25.82,1626.5,133.0,15.37,2.41,37.13,16.91,13.3,1000.1,24.86,45.57,455.08,2021-12-03 11:26:47
191,00:03:11,25.82,1626.5,133.0,15.37,2.41,37.13,16.91,13.3,1000.1,24.86,45.57,937.5,2021-12-03 11:26:48
192,00:03:12,25.82,1626.5,133.0,15.37,2.41,37.13,16.91,13.3,1000.1,24.86,45.57,705.08,2021-12-03 11:26:49
193,00:03:13,25.82,1626.5,132.0,15.37,2.41,37.13,16.91,13.3,1000.1,24.86,45.57,464.84,2021-12-03 11:26:50
194,00:03:14,25.82,1626.5,130.0,15.39,1.97,30.39,16.91,13.3,1001.1,24.86,45.81,464.84,2021-12-03 11:26:51
195,00:03:15,25.82,1626.5,129.0,15.39,1.97,30.39,16.91,13.3,1001.1,24.86,45.81,468.75,2021-12-03 11:26:52
196,00:03:16,25.82,1626.5,129.0,15.39,1.97,30.39,16.91,13.3,1001.1,24.86,45.81,940.43,2021-12-03 11:26:53
197,00:03:17,25.82,1626.5,128.0,15.39,1.97,30.39,16.91,13.3,1001.1,24.86,45.81,468.75,2021-12-03 11:26:54
198,00:03:18,28.17,1774.67,128.0,20.14,1.62,32.62,18.38,13.81,1000.5,24.86,45.91,464.84,2021-12-03 11:26:55
199,00:03:19,28.17,1774.67,129.0,20.14,1.62,32.62,18.38,13.81,1000.5,24.86,45.91,460.94,2021-12-03 11:26:56
200,00:03:20,33.92,2137.17,129.0,19.37,1.93,37.5,17.55,13.55,1000.7,24.86,45.94,464.84,2021-12-03 11:26:57
201,00:03:21,33.92,2137.17,129.0,19.37,1.93,37.5,17.55,13.55,1000.7,24.86,45.94,1406.25,2021-12-03 11:26:58
202,00:03:22,33.92,2137.17,129.0,19.37,1.93,37.5,17.55,13.55,1000.7,24.86,45.94,464.84,2021-12-03 11:26:59
203,00:03:23,33.92,2137.17,129.0,19.37,1.93,37.5,17.55,13.55,1000.7,24.86,45.94,464.84,2021-12-03 11:27:00
204,00:03:24,33.92,2137.17,129.0,19.37,1.93,37.5,17.55,13.55,1000.7,24.86,45.94,478.52,2021-12-03 11:27:01
205,00:03:25,30.63,1929.67,129.0,14.64,2.28,33.45,17.33,13.53,1001.1,24.86,46.03,484.38,2021-12-03 11:27:02
206,00:03:26,30.63,1929.67,129.0,14.64,2.28,33.45,17.33,13.53,1001.1,24.86,46.03,982.42,2021-12-03 11:27:03
207,00:03:27,30.63,1929.67,128.0,14.64,2.28,33.45,17.33,13.53,1001.1,24.86,46.03,476.56,2021-12-03 11:27:04
208,00:03:28,30.63,1929.67,126.0,14.64,2.28,33.45,17.33,13.53,1001.1,24.86,46.03,477.86,2021-12-03 11:27:05
209,00:03:29,30.22,1903.67,126.0,15.21,2.25,34.38,18.06,13.82,1001.3,24.86,46.22,964.84,2021-12-03 11:27:06
210,00:03:30,30.22,1903.67,126.0,15.21,2.25,34.38,18.06,13.82,1001.3,24.86,46.22,474.61,2021-12-03 11:27:07
211,00:03:31,30.22,1903.67,126.0,15.21,2.25,34.38,18.06,13.82,1001.3,24.86,46.22,468.75,2021-12-03 11:27:08
212,00:03:32,33.37,2102.0,126.0,15.56,2.35,36.64,17.43,13.58,1000.6,24.86,46.39,486.33,2021-12-03 11:27:09
213,00:03:33,33.37,2102.0,126.0,15.56,2.35,36.64,17.43,13.58,1000.6,24.86,46.39,484.38,2021-12-03 11:27:10
214,00:03:34,33.37,2102.0,125.0,15.56,2.35,36.64,17.43,13.58,1000.6,24.86,46.39,476.07,2021-12-03 11:27:11
215,00:03:35,33.37,2102.0,125.0,15.56,2.35,36.64,17.43,13.58,1000.6,24.86,46.39,468.75,2021-12-03 11:27:12
216,00:03:36,33.37,2102.0,126.0,14.46,2.39,34.6,17.43,13.58,1001.5,24.86,46.61,478.52,2021-12-03 11:27:13
217,00:03:37,33.37,2102.0,126.0,14.46,2.39,34.6,17.43,13.58,1001.5,24.86,46.61,964.84,2021-12-03 11:27:14
218,00:03:38,33.37,2102.0,126.0,14.46,2.39,34.6,17.43,13.58,1001.5,24.86,46.61,478.52,2021-12-03 11:27:15
219,00:03:39,33.37,2102.0,126.0,14.46,2.39,34.6,17.43,13.58,1001.5,24.86,46.61,705.08,2021-12-03 11:27:16
220,00:03:40,33.37,2102.0,126.0,15.69,2.28,35.82,17.43,13.58,1000.5,24.86,46.9,464.84,2021-12-03 11:27:17
221,00:03:41,33.37,2102.0,126.0,15.69,2.28,35.82,17.43,13.58,1000.5,24.86,46.9,701.17,2021-12-03 11:27:18
222,00:03:42,33.37,2102.0,128.0,15.69,2.28,35.82,17.43,13.58,1000.5,24.86,46.9,462.89,2021-12-03 11:27:19
223,00:03:43,33.37,2102.0,129.0,15.69,2.28,35.82,17.43,13.58,1000.5,24.86,46.9,462.89,2021-12-03 11:27:20
224,00:03:44,32.57,2052.0,129.0,15.07,2.56,38.62,18.82,14.14,1000.1,24.86,47.17,480.47,2021-12-03 11:27:21
225,00:03:45,32.57,2052.0,129.0,15.07,2.56,38.62,18.82,14.14,1000.1,24.86,47.17,726.56,2021-12-03 11:27:22
226,00:03:46,32.57,2052.0,128.0,15.07,2.56,38.62,18.82,14.14,1000.1,24.86,47.17,474.61,2021-12-03 11:27:23
227,00:03:47,32.57,2052.0,127.0,15.07,2.56,38.62,18.82,14.14,1000.1,24.86,47.17,468.75,2021-12-03 11:27:24
228,00:03:48,30.29,1908.0,127.0,14.97,2.33,34.95,18.32,13.94,1001.5,24.86,47.41,476.56,2021-12-03 11:27:25
229,00:03:49,30.29,1908.0,127.0,14.97,2.33,34.95,18.32,13.94,1001.5,24.86,47.41,480.47,2021-12-03 11:27:26
230,00:03:50,30.29,1908.0,127.0,14.97,2.33,34.95,18.32,13.94,1001.5,24.86,47.41,634.11,2021-12-03 11:27:27
231,00:03:51,30.29,1908.0,127.0,14.97,2.33,34.95,18.32,13.94,1001.5,24.86,47.41,460.94,2021-12-03 11:27:28
232,00:03:52,30.29,1908.0,127.0,14.97,2.33,34.95,18.32,13.94,1001.5,24.86,47.41,474.12,2021-12-03 11:27:29
233,00:03:53,32.28,2033.33,127.0,14.82,2.54,37.67,18.53,14.04,1000.4,24.87,47.74,941.41,2021-12-03 11:27:30
234,00:03:54,32.28,2033.33,127.0,14.82,2.54,37.67,18.53,14.04,1000.4,24.87,47.74,470.7,2021-12-03 11:27:31
235,00:03:55,32.28,2033.33,128.0,14.82,2.54,37.67,18.53,14.04,1000.4,24.87,47.74,467.45,2021-12-03 11:27:32
236,00:03:56,32.28,2033.33,128.0,14.82,2.54,37.67,18.53,14.04,1000.4,24.87,47.74,476.56,2021-12-03 11:27:33
237,00:03:57,30.43,1917.0,128.0,14.41,2.42,34.91,18.21,13.9,1000.7,24.86,48.0,1464.84,2021-12-03 11:27:34
238,00:03:58,30.43,1917.0,127.0,14.41,2.42,34.91,18.21,13.9,1000.7,24.86,48.0,474.61,2021-12-03 11:27:35
239,00:03:59,30.43,1917.0,127.0,14.41,2.42,34.91,18.21,13.9,1000.7,24.86,48.0,470.7,2021-12-03 11:27:36
240,00:04:00,30.43,1917.0,127.0,14.41,2.42,34.91,18.21,13.9,1000.7,24.86,48.0,468.75,2021-12-03 11:27:37
241,00:04:01,30.43,1917.0,127.0,13.11,2.41,31.71,18.21,13.9,1001.6,24.86,48.26,488.28,2021-12-03 11:27:38
242,00:04:02,30.43,1917.0,127.0,13.11,2.41,31.71,18.21,13.9,1001.6,24.86,48.26,722.66,2021-12-03 11:27:39
243,00:04:03,30.43,1917.0,127.0,13.11,2.41,31.71,18.21,13.9,1001.6,24.86,48.26,468.75,2021-12-03 11:27:40
244,00:04:04,30.43,1917.0,127.0,13.11,2.41,31.71,18.21,13.9,1001.6,24.86,48.26,464.84,2021-12-03 11:27:41
245,00:04:05,30.43,1917.0,127.0,13.11,2.41,31.71,18.21,13.9,1001.6,24.86,48.26,470.7,2021-12-03 11:27:42
246,00:04:06,30.43,1917.0,127.0,13.04,2.54,33.24,18.21,13.9,999.2,24.86,48.45,480.47,2021-12-03 11:27:43
247,00:04:07,30.43,1917.0,127.0,13.04,2.54,33.24,18.21,13.9,999.2,24.86,48.45,1212.89,2021-12-03 11:27:44
248,00:04:08,30.43,1917.0,128.0,13.04,2.54,33.24,18.21,13.9,999.2,24.86,48.45,468.75,2021-12-03 11:27:45
249,00:04:09,30.43,1917.0,127.0,13.04,2.54,33.24,18.21,13.9,999.2,24.86,48.45,476.56,2021-12-03 11:27:46
250,00:04:10,32.8,2066.17,127.0,14.61,2.38,34.91,16.9,13.34,999.5,24.86,48.66,480.47,2021-12-03 11:27:47
251,00:04:11,32.8,2066.17,127.0,14.61,2.38,34.91,16.9,13.34,999.5,24.86,48.66,970.21,2021-12-03 11:27:48
252,00:04:12,32.8,2066.17,127.0,14.61,2.38,34.91,16.9,13.34,999.5,24.86,48.66,474.61,2021-12-03 11:27:49
253,00:04:13,32.8,2066.17,127.0,14.61,2.38,34.91,16.9,13.34,999.5,24.86,48.66,472.66,2021-12-03 11:27:50
254,00:04:14,32.8,2066.17,126.0,14.61,2.38,34.91,16.9,13.34,999.5,24.86,48.66,492.19,2021-12-03 11:27:51
255,00:04:15,32.8,2066.17,126.0,12.47,2.48,30.95,16.9,13.34,999.7,24.86,48.86,503.91,2021-12-03 11:27:52
256,00:04:16,32.8,2066.17,125.0,12.47,2.48,30.95,16.9,13.34,999.7,24.86,48.86,484.38,2021-12-03 11:27:53
257,00:04:17,32.8,2066.17,124.0,12.47,2.48,30.95,16.9,13.34,999.7,24.86,48.86,472.66,2021-12-03 11:27:54
258,00:04:18,32.8,2066.17,124.0,15.7,2.5,39.38,16.9,13.34,999.3,24.86,49.07,472.66,2021-12-03 11:27:55
259,00:04:19,32.8,2066.17,124.0,15.7,2.5,39.38,16.9,13.34,999.3,24.86,49.07,1460.94,2021-12-03 11:27:56
260,00:04:20,32.8,2066.17,125.0,15.7,2.5,39.38,16.9,13.34,999.3,24.86,49.07,470.7,2021-12-03 11:27:57
261,00:04:21,32.8,2066.17,125.0,15.7,2.5,39.38,16.9,13.34,999.3,24.86,49.07,468.75,2021-12-03 11:27:58
262,00:04:22,30.04,1892.5,126.0,15.68,2.15,33.81,17.87,13.72,1000.2,24.86,49.33,470.7,2021-12-03 11:27:59
263,00:04:23,30.04,1892.5,127.0,15.68,2.15,33.81,17.87,13.72,1000.2,24.86,49.33,475.59,2021-12-03 11:28:00
264,00:04:24,30.04,1892.5,127.0,15.68,2.15,33.81,17.87,13.72,1000.2,24.86,49.33,468.75,2021-12-03 11:28:01
265,00:04:25,30.04,1892.5,127.0,15.68,2.15,33.81,17.87,13.72,1000.2,24.86,49.33,464.84,2021-12-03 11:28:02
266,00:04:26,30.04,1892.5,127.0,15.61,2.31,36.2,17.87,13.72,1000.4,24.87,49.55,468.75,2021-12-03 11:28:03
267,00:04:27,30.04,1892.5,127.0,15.61,2.31,36.2,17.87,13.72,1000.4,24.87,49.55,951.17,2021-12-03 11:28:04
268,00:04:28,30.04,1892.5,128.0,15.61,2.31,36.2,17.87,13.72,1000.4,24.87,49.55,466.31,2021-12-03 11:28:05
269,00:04:29,30.04,1892.5,128.0,15.61,2.31,36.2,17.87,13.72,1000.4,24.87,49.55,462.89,2021-12-03 11:28:06
270,00:04:30,30.04,1892.5,128.0,15.61,2.31,36.2,17.87,13.72,1000.4,24.87,49.55,464.84,2021-12-03 11:28:07
271,00:04:31,30.04,1892.5,129.0,15.61,2.31,36.2,17.87,13.72,1000.4,24.87,49.55,931.64,2021-12-03 11:28:08
272,00:04:32,30.04,1892.5,129.0,15.61,2.31,36.2,17.87,13.72,1000.4,24.87,49.55,458.98,2021-12-03 11:28:09
273,00:04:33,30.04,1892.5,130.0,15.61,2.31,36.2,17.87,13.72,1000.4,24.87,49.55,458.98,2021-12-03 11:28:10
274,00:04:34,33.02,2080.5,130.0,15.67,2.41,37.83,18.18,13.88,999.8,24.86,49.89,460.94,2021-12-03 11:28:11
275,00:04:35,33.02,2080.5,130.0,15.67,2.41,37.83,18.18,13.88,999.8,24.86,49.89,712.89,2021-12-03 11:28:12
276,00:04:36,33.02,2080.5,130.0,15.67,2.41,37.83,18.18,13.88,999.8,24.86,49.89,464.84,2021-12-03 11:28:13
277,00:04:37,33.02,2080.5,129.0,15.67,2.41,37.83,18.18,13.88,999.8,24.86,49.89,464.84,2021-12-03 11:28:14
278,00:04:38,29.85,1880.5,129.0,14.61,2.28,33.36,17.74,13.69,1000.4,24.86,50.09,466.8,2021-12-03 11:28:15
279,00:04:39,29.85,1880.5,129.0,14.61,2.28,33.36,17.74,13.69,1000.4,24.86,50.09,953.12,2021-12-03 11:28:16
280,00:04:40,29.85,1880.5,129.0,14.61,2.28,33.36,17.74,13.69,1000.4,24.86,50.09,464.84,2021-12-03 11:28:17
281,00:04:41,29.85,1880.5,129.0,14.61,2.28,33.36,17.74,13.69,1000.4,24.86,50.09,467.77,2021-12-03 11:28:18
282,00:04:42,34.9,2198.83,129.0,16.09,2.56,41.3,18.78,14.12,999.2,24.86,50.26,472.66,2021-12-03 11:28:19
283,00:04:43,34.9,2198.83,129.0,16.09,2.56,41.3,18.78,14.12,999.2,24.86,50.26,787.76,2021-12-03 11:28:20
284,00:04:44,34.9,2198.83,129.0,16.09,2.56,41.3,18.78,14.12,999.2,24.86,50.26,464.84,2021-12-03 11:28:21
285,00:04:45,34.9,2198.83,129.0,16.09,2.56,41.3,18.78,14.12,999.2,24.86,50.26,466.8,2021-12-03 11:28:22
286,00:04:46,27.25,1717.0,129.0,14.78,2.16,32.03,18.65,14.02,999.1,24.86,50.5,472.66,2021-12-03 11:28:23
287,00:04:47,27.25,1717.0,129.0,14.78,2.16,32.03,18.65,14.02,999.1,24.86,50.5,942.87,2021-12-03 11:28:24
288,00:04:48,27.25,1717.0,129.0,14.78,2.16,32.03,18.65,14.02,999.1,24.86,50.5,462.89,2021-12-03 11:28:25
289,00:04:49,27.25,1717.0,129.0,16.34,2.43,39.8,18.65,14.02,1000.4,24.86,50.67,472.66,2021-12-03 11:28:26
290,00:04:50,27.25,1717.0,129.0,16.34,2.43,39.8,18.65,14.02,1000.4,24.86,50.67,1425.78,2021-12-03 11:28:27
291,00:04:51,27.25,1717.0,129.0,16.34,2.43,39.8,18.65,14.02,1000.4,24.86,50.67,460.94,2021-12-03 11:28:28
292,00:04:52,27.25,1717.0,129.0,16.34,2.43,39.8,18.65,14.02,1000.4,24.86,50.67,466.8,2021-12-03 11:28:29
293,00:04:53,35.51,2236.83,129.0,17.66,2.45,43.38,19.39,14.33,999.7,24.86,50.9,468.75,2021-12-03 11:28:30
294,00:04:54,35.51,2236.83,129.0,17.66,2.45,43.38,19.39,14.33,999.7,24.86,50.9,468.75,2021-12-03 11:28:31
295,00:04:55,35.51,2236.83,129.0,17.66,2.45,43.38,19.39,14.33,999.7,24.86,50.9,462.89,2021-12-03 11:28:32
296,00:04:56,31.17,1963.83,129.0,16.27,2.3,37.53,19.11,14.21,1000.0,24.86,51.17,460.94,2021-12-03 11:28:33
297,00:04:57,31.17,1963.83,129.0,16.27,2.3,37.53,19.11,14.21,1000.0,24.86,51.17,701.17,2021-12-03 11:28:34
298,00:04:58,31.17,1963.83,129.0,16.27,2.3,37.53,19.11,14.21,1000.0,24.86,51.17,460.94,2021-12-03 11:28:35
299,00:04:59,31.17,1963.83,130.0,16.27,2.3,37.53,19.11,14.21,1000.0,24.86,51.17,462.89,2021-12-03 11:28:36
300,00:05:00,32.43,2043.0,129.0,16.87,2.4,40.66,19.9,14.5,1000.8,24.86,51.4,472.66,2021-12-03 11:28:37
301,00:05:01,32.43,2043.0,129.0,16.87,2.4,40.66,19.9,14.5,1000.8,24.86,51.4,703.12,2021-12-03 11:28:38
302,00:05:02,32.43,2043.0,129.0,16.87,2.4,40.66,19.9,14.5,1000.8,24.86,51.4,462.89,2021-12-03 11:28:39
303,00:05:03,32.43,2043.0,129.0,17.74,2.13,37.81,19.9,14.5,1001.2,24.87,51.58,463.22,2021-12-03 11:28:40
304,00:05:04,32.43,2043.0,130.0,17.74,2.13,37.81,19.9,14.5,1001.2,24.87,51.58,460.94,2021-12-03 11:28:41
305,00:05:05,32.43,2043.0,130.0,17.74,2.13,37.81,19.9,14.5,1001.2,24.87,51.58,457.03,2021-12-03 11:28:42
306,00:05:06,32.43,2043.0,130.0,17.74,2.13,37.81,19.9,14.5,1001.2,24.87,51.58,457.03,2021-12-03 11:28:43
307,00:05:07,18.65,1175.0,98.0,25.1,1.23,31.05,26.43,15.87,1000.9,24.86,50.05,623.7,2021-12-03 11:28:44
308,00:05:08,18.65,1175.0,98.0,25.1,1.23,31.05,26.43,15.87,1000.9,24.86,50.05,617.19,2021-12-03 11:28:45
309,00:05:09,16.11,1015.17,97.0,29.4,1.03,30.48,30.02,16.4,1001.8,24.86,50.01,601.56,2021-12-03 11:28:46
310,00:05:10,16.11,1015.17,97.0,29.4,1.03,30.48,30.02,16.4,1001.8,24.86,50.01,609.38,2021-12-03 11:28:47
311,00:05:11,14.38,905.83,98.0,29.66,0.93,27.62,30.49,16.4,1000.3,24.86,49.97,589.84,2021-12-03 11:28:48
312,00:05:12,14.38,905.83,98.0,29.66,0.93,27.62,30.49,16.4,1000.3,24.86,49.97,607.42,2021-12-03 11:28:49
313,00:05:13,17.41,1096.67,99.0,26.35,1.23,32.61,29.74,16.43,1001.0,24.86,49.91,601.56,2021-12-03 11:28:50
314,00:05:14,17.41,1096.67,99.0,26.35,1.23,32.61,29.74,16.43,1001.0,24.86,49.91,621.09,2021-12-03 11:28:51
315,00:05:15,17.41,1096.67,99.0,26.35,1.23,32.61,29.74,16.43,1001.0,24.86,49.91,614.75,2021-12-03 11:28:52
316,00:05:16,17.03,1072.67,98.0,26.62,1.22,32.55,30.34,16.52,1001.6,24.86,49.9,617.19,2021-12-03 11:28:53
317,00:05:17,17.03,1072.67,98.0,26.62,1.22,32.55,30.34,16.52,1001.6,24.86,49.9,617.19,2021-12-03 11:28:54
318,00:05:18,13.81,870.33,98.0,28.98,1.03,29.89,34.34,16.96,999.9,24.86,49.87,613.28,2021-12-03 11:28:55
319,00:05:19,13.81,870.33,98.0,28.98,1.03,29.89,34.34,16.96,999.9,24.86,49.87,632.81,2021-12-03 11:28:56
320,00:05:20,13.87,873.83,98.0,31.81,0.98,31.25,35.76,17.1,999.9,24.87,49.85,601.56,2021-12-03 11:28:57
321,00:05:21,13.87,873.83,99.0,31.81,0.98,31.25,35.76,17.1,999.9,24.87,49.85,599.61,2021-12-03 11:28:58
322,00:05:22,14.81,933.0,99.0,28.0,1.12,31.48,33.74,16.93,999.9,24.86,49.84,605.47,2021-12-03 11:28:59
323,00:05:23,14.81,933.0,99.0,28.0,1.12,31.48,33.74,16.93,999.9,24.86,49.84,605.47,2021-12-03 11:29:00
324,00:05:24,13.15,828.5,99.0,32.47,0.91,29.82,35.99,17.09,999.8,24.86,49.8,605.47,2021-12-03 11:29:01
325,00:05:25,13.81,869.83,99.0,37.0,0.83,30.88,35.5,16.99,1002.0,24.86,49.82,621.09,2021-12-03 11:29:02
326,00:05:26,13.81,869.83,99.0,37.0,0.83,30.88,35.5,16.99,1002.0,24.86,49.82,609.38,2021-12-03 11:29:03
327,00:05:27,13.45,847.33,99.0,29.09,0.97,28.29,33.39,16.82,1000.5,24.87,49.79,613.28,2021-12-03 11:29:04
328,00:05:28,13.45,847.33,98.0,29.09,0.97,28.29,33.39,16.82,1000.5,24.87,49.79,609.38,2021-12-03 11:29:05
329,00:05:29,13.45,847.33,98.0,29.09,0.97,28.29,33.39,16.82,1000.5,24.87,49.79,595.7,2021-12-03 11:29:06
330,00:05:30,16.89,1063.83,98.0,22.03,1.37,30.24,28.43,16.27,1001.3,24.86,49.72,585.94,2021-12-03 11:29:07
331,00:05:31,16.89,1063.83,99.0,22.03,1.37,30.24,28.43,16.27,1001.3,24.86,49.72,597.66,2021-12-03 11:29:08
332,00:05:32,13.27,836.0,99.0,29.15,0.91,26.74,31.99,16.61,1001.2,24.87,49.71,589.84,2021-12-03 11:29:09
333,00:05:33,13.27,836.0,100.0,29.15,0.91,26.74,31.99,16.61,1001.2,24.87,49.71,595.21,2021-12-03 11:29:10
334,00:05:34,14.63,922.0,101.0,36.08,0.79,28.85,31.29,16.43,1001.2,24.86,49.69,593.75,2021-12-03 11:29:11
335,00:05:35,14.63,922.0,101.0,36.08,0.79,28.85,31.29,16.43,1001.2,24.86,49.69,589.84,2021-12-03 11:29:12
336,00:05:36,15.04,947.33,101.0,28.65,1.0,28.7,30.3,16.41,1000.0,24.87,49.68,605.47,2021-12-03 11:29:13
337,00:05:37,15.04,947.33,101.0,28.65,1.0,28.7,30.3,16.41,1000.0,24.87,49.68,611.33,2021-12-03 11:29:14
338,00:05:38,15.04,947.33,101.0,28.65,1.0,28.7,30.3,16.41,1000.0,24.87,49.68,597.66,2021-12-03 11:29:15
339,00:05:39,18.94,1193.0,101.0,21.87,1.45,31.86,26.71,15.99,1000.7,24.86,49.63,589.84,2021-12-03 11:29:16
340,00:05:40,18.94,1193.0,101.0,21.87,1.45,31.86,26.71,15.99,1000.7,24.86,49.63,1199.22,2021-12-03 11:29:17
341,00:05:41,15.94,1004.0,101.0,23.91,1.17,28.19,28.08,16.14,1000.1,24.86,49.6,585.94,2021-12-03 11:29:18
342,00:05:42,15.94,1004.0,101.0,23.91,1.17,28.19,28.08,16.14,1000.1,24.86,49.6,574.22,2021-12-03 11:29:19
343,00:05:43,15.35,967.33,102.0,30.94,0.96,29.7,30.7,16.45,1000.2,24.87,49.62,585.94,2021-12-03 11:29:20
344,00:05:44,15.35,967.33,102.0,30.94,0.96,29.7,30.7,16.45,1000.2,24.87,49.62,589.84,2021-12-03 11:29:21
345,00:05:45,13.1,825.0,102.0,27.92,0.89,24.85,30.12,16.32,1000.7,24.86,49.62,589.84,2021-12-03 11:29:22
346,00:05:46,13.1,825.0,102.0,27.92,0.89,24.85,30.12,16.32,1000.7,24.86,49.62,589.84,2021-12-03 11:29:23
347,00:05:47,15.93,1003.33,102.0,30.72,0.93,28.72,28.62,16.11,999.6,24.86,49.6,583.33,2021-12-03 11:29:24
348,00:05:48,15.93,1003.33,102.0,30.72,0.93,28.72,28.62,16.11,999.6,24.86,49.6,570.31,2021-12-03 11:29:25
349,00:05:49,15.92,1002.67,102.0,31.2,0.86,27.09,27.02,15.77,1001.1,24.86,49.6,573.24,2021-12-03 11:29:26
350,00:05:50,15.92,1002.67,104.0,31.2,0.86,27.09,27.02,15.77,1001.1,24.86,49.6,569.82,2021-12-03 11:29:27
351,00:05:51,15.92,1002.67,105.0,31.2,0.86,27.09,27.02,15.77,1001.1,24.86,49.6,562.5,2021-12-03 11:29:28
352,00:05:52,20.44,1287.67,105.0,20.21,1.51,30.6,23.76,15.39,999.9,24.86,49.55,589.84,2021-12-03 11:29:29
353,00:05:53,20.44,1287.67,105.0,20.21,1.51,30.6,23.76,15.39,999.9,24.86,49.55,589.84,2021-12-03 11:29:30
354,00:05:54,17.48,1101.0,105.0,31.7,1.01,32.21,29.26,16.26,1000.3,24.87,49.54,574.22,2021-12-03 11:29:31
355,00:05:55,17.48,1101.0,105.0,31.7,1.01,32.21,29.26,16.26,1000.3,24.87,49.54,574.22,2021-12-03 11:29:32
356,00:05:56,16.32,1028.17,105.0,31.94,0.95,30.43,29.6,16.28,1000.8,24.87,49.56,574.22,2021-12-03 11:29:33
357,00:05:57,16.32,1028.17,105.0,31.94,0.95,30.43,29.6,16.28,1000.8,24.87,49.56,567.38,2021-12-03 11:29:34
358,00:05:58,14.89,938.17,105.0,34.99,0.76,26.86,28.63,15.97,1000.7,24.86,49.55,572.27,2021-12-03 11:29:35
359,00:05:59,14.89,938.17,105.0,34.99,0.76,26.86,28.63,15.97,1000.7,24.86,49.55,566.41,2021-12-03 11:29:36
360,00:06:00,17.15,1080.5,105.0,28.16,1.09,30.89,28.59,16.2,1001.3,24.86,49.55,570.31,2021-12-03 11:29:37
361,00:06:01,16.0,1007.83,105.0,36.35,0.8,29.08,28.85,16.04,999.7,24.87,49.54,566.41,2021-12-03 11:29:38
362,00:06:02,16.0,1007.83,105.0,36.35,0.8,29.08,28.85,16.04,999.7,24.87,49.54,572.27,2021-12-03 11:29:39
363,00:06:03,16.03,1010.0,105.0,38.15,0.77,29.39,29.1,16.05,999.5,24.86,49.58,576.17,2021-12-03 11:29:40
364,00:06:04,17.45,1099.33,105.0,39.7,0.78,31.33,28.5,15.97,999.7,24.87,49.57,571.61,2021-12-03 11:29:41
365,00:06:05,17.45,1099.33,105.0,39.7,0.78,31.33,28.5,15.97,999.7,24.87,49.57,570.31,2021-12-03 11:29:42
366,00:06:06,16.35,1030.0,105.0,37.98,0.77,29.29,28.44,15.95,1001.7,24.86,49.59,570.31,2021-12-03 11:29:43
367,00:06:07,16.35,1030.0,105.0,37.98,0.77,29.29,28.44,15.95,1001.7,24.86,49.59,578.12,2021-12-03 11:29:44
368,00:06:08,17.71,1115.83,105.0,34.31,0.92,31.86,28.55,16.09,1000.1,24.86,49.54,573.73,2021-12-03 11:29:45
369,00:06:09,19.62,1236.0,105.0,38.8,0.87,34.04,27.54,15.88,1000.9,24.86,49.52,568.36,2021-12-03 11:29:46
370,00:06:10,19.62,1236.0,105.0,38.8,0.87,34.04,27.54,15.88,1000.9,24.86,49.52,572.27,2021-12-03 11:29:47
371,00:06:11,16.74,1054.5,105.0,32.66,0.94,30.93,29.33,16.23,999.9,24.87,49.54,566.41,2021-12-03 11:29:48
372,00:06:12,16.74,1054.5,105.0,32.66,0.94,30.93,29.33,16.23,999.9,24.87,49.54,578.12,2021-12-03 11:29:49
373,00:06:13,16.78,1056.83,105.0,34.15,0.92,31.53,29.83,16.3,1000.4,24.87,49.54,572.27,2021-12-03 11:29:50
374,00:06:14,16.78,1056.83,105.0,34.15,0.92,31.53,29.83,16.3,1000.4,24.87,49.54,568.36,2021-12-03 11:29:51
375,00:06:15,16.67,1050.5,105.0,33.36,0.95,31.75,30.22,16.38,1000.9,24.87,49.52,566.41,2021-12-03 11:29:52
376,00:06:16,16.42,1034.33,105.0,31.56,0.97,30.8,29.78,16.32,1000.8,24.88,49.51,566.41,2021-12-03 11:29:53
377,00:06:17,16.42,1034.33,105.0,31.56,0.97,30.8,29.78,16.32,1000.8,24.88,49.51,560.55,2021-12-03 11:29:54
378,00:06:18,16.9,1064.83,106.0,31.46,0.99,31.46,29.54,16.3,1000.7,24.87,49.52,560.55,2021-12-03 11:29:55
379,00:06:19,16.9,1064.83,106.0,31.46,0.99,31.46,29.54,16.3,1000.7,24.87,49.52,570.31,2021-12-03 11:29:56
380,00:06:20,17.15,1080.67,106.0,35.87,0.86,31.12,28.8,16.09,1001.0,24.87,49.53,570.31,2021-12-03 11:29:57
381,00:06:21,17.15,1080.67,106.0,35.87,0.86,31.12,28.8,16.09,1001.0,24.87,49.53,570.31,2021-12-03 11:29:58
382,00:06:22,15.88,1000.5,106.0,28.53,0.99,28.37,28.36,16.1,1000.1,24.87,49.52,569.34,2021-12-03 11:29:59
383,00:06:23,15.88,1000.5,106.0,28.53,0.99,28.37,28.36,16.1,1000.1,24.87,49.52,562.5,2021-12-03 11:30:00
384,00:06:24,15.88,1000.5,106.0,28.53,0.99,28.37,28.36,16.1,1000.1,24.87,49.52,558.59,2021-12-03 11:30:01
385,00:06:25,19.49,1227.83,106.0,25.41,1.27,32.46,26.44,15.88,1000.8,24.87,49.51,566.41,2021-12-03 11:30:02
386,00:06:26,19.49,1227.83,106.0,25.41,1.27,32.46,26.44,15.88,1000.8,24.87,49.51,571.78,2021-12-03 11:30:03
387,00:06:27,13.41,844.67,106.0,22.94,0.96,22.1,26.16,15.67,999.6,24.87,49.5,569.34,2021-12-03 11:30:04
388,00:06:28,13.41,844.67,106.0,22.94,0.96,22.1,26.16,15.67,999.6,24.87,49.5,553.71,2021-12-03 11:30:05
389,00:06:29,19.79,1246.83,106.0,36.0,0.9,32.56,26.11,15.63,1001.1,24.87,49.49,546.88,2021-12-03 11:30:06
390,00:06:30,19.79,1246.83,107.0,36.0,0.9,32.56,26.11,15.63,1001.1,24.87,49.49,542.97,2021-12-03 11:30:07
391,00:06:31,18.13,1142.33,109.0,35.1,0.88,31.06,27.19,15.81,998.9,24.88,49.47,552.73,2021-12-03 11:30:08
392,00:06:32,19.64,1237.33,109.0,30.71,1.08,33.34,26.95,15.9,1000.1,24.87,49.51,546.88,2021-12-03 11:30:09
393,00:06:33,19.64,1237.33,109.0,30.71,1.08,33.34,26.95,15.9,1000.1,24.87,49.51,554.69,2021-12-03 11:30:10
394,00:06:34,18.72,1179.67,109.0,34.02,0.95,32.33,27.41,15.9,999.5,24.87,49.52,554.69,2021-12-03 11:30:11
395,00:06:35,18.72,1179.67,109.0,34.02,0.95,32.33,27.41,15.9,999.5,24.87,49.52,562.5,2021-12-03 11:30:12
396,00:06:36,18.57,1169.67,108.0,37.4,0.89,33.64,28.76,16.1,999.7,24.88,49.5,572.27,2021-12-03 11:30:13
397,00:06:37,18.57,1169.67,107.0,37.4,0.89,33.64,28.76,16.1,999.7,24.88,49.5,574.22,2021-12-03 11:30:14
398,00:06:38,19.89,1253.0,107.0,22.52,1.42,32.16,25.67,15.79,1002.0,24.88,49.53,562.5,2021-12-03 11:30:15
399,00:06:39,19.89,1253.0,106.0,22.52,1.42,32.16,25.67,15.79,1002.0,24.88,49.53,585.94,2021-12-03 11:30:16
400,00:06:40,19.89,1253.0,105.0,22.52,1.42,32.16,25.67,15.79,1002.0,24.88,49.53,574.22,2021-12-03 11:30:17
401,00:06:41,16.74,1054.83,104.0,25.39,1.15,29.39,27.86,16.09,1000.1,24.87,49.54,574.22,2021-12-03 11:30:18
402,00:06:42,16.74,1054.83,104.0,25.39,1.15,29.39,27.86,16.09,1000.1,24.87,49.54,562.5,2021-12-03 11:30:19
403,00:06:43,16.74,1054.83,105.0,25.39,1.15,29.39,27.86,16.09,1000.1,24.87,49.54,564.45,2021-12-03 11:30:20
404,00:06:44,18.24,1148.83,105.0,23.6,1.28,30.32,26.39,15.87,999.7,24.87,49.54,569.82,2021-12-03 11:30:21
405,00:06:45,18.24,1148.83,106.0,23.6,1.28,30.32,26.39,15.87,999.7,24.87,49.54,568.36,2021-12-03 11:30:22
406,00:06:46,17.7,1115.33,106.0,30.0,1.06,32.05,28.74,16.21,1000.8,24.86,49.54,574.22,2021-12-03 11:30:23
407,00:06:47,17.7,1115.33,106.0,30.0,1.06,32.05,28.74,16.21,1000.8,24.86,49.54,568.36,2021-12-03 11:30:24
408,00:06:48,17.33,1091.67,106.0,28.58,1.08,31.09,28.48,16.17,1000.5,24.88,49.53,562.5,2021-12-03 11:30:25
409,00:06:49,17.33,1091.67,106.0,28.58,1.08,31.09,28.48,16.17,1000.5,24.88,49.53,851.56,2021-12-03 11:30:26
410,00:06:50,18.92,1191.83,106.0,29.29,1.14,33.52,28.12,16.14,1001.7,24.88,49.53,562.5,2021-12-03 11:30:27
411,00:06:51,18.92,1191.83,106.0,29.29,1.14,33.52,28.12,16.14,1001.7,24.88,49.53,568.36,2021-12-03 11:30:28
412,00:06:52,18.92,1191.83,106.0,29.29,1.14,33.52,28.12,16.14,1001.7,24.88,49.53,562.5,2021-12-03 11:30:29
413,00:06:53,17.19,1082.83,106.0,21.13,1.35,28.58,26.39,15.9,1000.7,24.88,49.56,576.17,2021-12-03 11:30:30
414,00:06:54,16.91,1065.33,105.0,32.51,0.93,30.51,28.64,16.11,1000.0,24.87,49.56,574.22,2021-12-03 11:30:31
415,00:06:55,16.91,1065.33,105.0,32.51,0.93,30.51,28.64,16.11,1000.0,24.87,49.56,589.84,2021-12-03 11:30:32
416,00:06:56,16.91,1065.33,105.0,32.51,0.93,30.51,28.64,16.11,1000.0,24.87,49.56,578.12,2021-12-03 11:30:33
417,00:06:57,16.77,1056.33,104.0,31.48,0.97,30.84,29.2,16.23,1000.8,24.88,49.59,576.17,2021-12-03 11:30:34
418,00:06:58,17.8,1121.67,104.0,31.02,1.03,32.22,28.73,16.18,999.2,24.88,49.59,582.03,2021-12-03 11:30:35
419,00:06:59,17.8,1121.67,104.0,31.02,1.03,32.22,28.73,16.18,999.2,24.88,49.59,585.94,2021-12-03 11:30:36
420,00:07:00,17.8,1121.67,103.0,31.02,1.03,32.22,28.73,16.18,999.2,24.88,49.59,580.08,2021-12-03 11:30:37
421,00:07:01,17.8,1121.67,103.0,31.02,1.03,32.22,28.73,16.18,999.2,24.88,49.59,578.12,2021-12-03 11:30:38
422,00:07:02,13.86,873.33,103.0,17.79,1.3,23.22,26.59,15.92,999.5,24.88,49.65,577.15,2021-12-03 11:30:39
423,00:07:03,13.86,873.33,103.0,17.79,1.3,23.22,26.59,15.92,999.5,24.88,49.65,582.03,2021-12-03 11:30:40
424,00:07:04,20.21,1273.17,103.0,29.9,1.1,33.07,25.97,15.72,999.8,24.88,49.65,582.03,2021-12-03 11:30:41
425,00:07:05,20.21,1273.17,103.0,29.9,1.1,33.07,25.97,15.72,999.8,24.88,49.65,570.31,2021-12-03 11:30:42
426,00:07:06,20.21,1273.17,104.0,29.9,1.1,33.07,25.97,15.72,999.8,24.88,49.65,580.08,2021-12-03 11:30:43
427,00:07:07,14.83,934.0,104.0,19.94,1.18,23.71,25.39,15.64,1000.6,24.88,49.67,572.27,2021-12-03 11:30:44
428,00:07:08,14.83,934.0,104.0,19.94,1.18,23.71,25.39,15.64,1000.6,24.88,49.67,550.78,2021-12-03 11:30:45
429,00:07:09,23.64,1489.17,104.0,22.43,1.61,36.32,24.39,15.56,1000.2,24.89,49.66,550.78,2021-12-03 11:30:46
430,00:07:10,23.64,1489.17,105.0,22.43,1.61,36.32,24.39,15.56,1000.2,24.89,49.66,541.02,2021-12-03 11:30:47
431,00:07:11,23.64,1489.17,105.0,22.43,1.61,36.32,24.39,15.56,1000.2,24.89,49.66,539.06,2021-12-03 11:30:48
432,00:07:12,18.61,1172.5,107.0,26.38,1.16,30.67,26.16,15.78,1000.6,24.88,49.68,552.73,2021-12-03 11:30:49
433,00:07:13,18.61,1172.5,109.0,26.38,1.16,30.67,26.16,15.78,1000.6,24.88,49.68,560.55,2021-12-03 11:30:50
434,00:07:14,16.02,1009.5,108.0,31.19,0.92,28.92,28.65,16.11,1000.5,24.88,49.73,560.55,2021-12-03 11:30:51
435,00:07:15,16.02,1009.5,108.0,31.19,0.92,28.92,28.65,16.11,1000.5,24.88,49.73,562.5,2021-12-03 11:30:52
436,00:07:16,17.96,1131.33,107.0,27.67,1.13,31.41,27.76,16.06,999.2,24.88,49.75,558.59,2021-12-03 11:30:53
437,00:07:17,18.53,1167.5,107.0,38.0,0.9,34.3,29.38,16.21,999.9,24.88,49.76,562.5,2021-12-03 11:30:54
438,00:07:18,18.53,1167.5,107.0,38.0,0.9,34.3,29.38,16.21,999.9,24.88,49.76,857.42,2021-12-03 11:30:55
439,00:07:19,18.53,1167.5,107.0,38.0,0.9,34.3,29.38,16.21,999.9,24.88,49.76,574.22,2021-12-03 11:30:56
440,00:07:20,18.97,1195.33,107.0,19.88,1.57,31.22,26.12,15.92,1001.9,24.89,49.77,570.31,2021-12-03 11:30:57
441,00:07:21,18.97,1195.33,106.0,19.88,1.57,31.22,26.12,15.92,1001.9,24.89,49.77,573.73,2021-12-03 11:30:58
442,00:07:22,18.97,1195.33,105.0,19.88,1.57,31.22,26.12,15.92,1001.9,24.89,49.77,587.89,2021-12-03 11:30:59
443,00:07:23,18.97,1195.33,104.0,19.88,1.57,31.22,26.12,15.92,1001.9,24.89,49.77,574.22,2021-12-03 11:31:00
444,00:07:24,16.31,1027.33,104.0,18.45,1.44,26.66,25.95,15.84,1000.0,24.88,49.84,578.12,2021-12-03 11:31:01
445,00:07:25,16.31,1027.33,104.0,18.45,1.44,26.66,25.95,15.84,1000.0,24.88,49.84,568.36,2021-12-03 11:31:02
446,00:07:26,17.37,1094.5,104.0,26.42,1.13,30.07,27.47,16.02,1000.2,24.89,49.84,566.41,2021-12-03 11:31:03
447,00:07:27,17.37,1094.5,105.0,26.42,1.13,30.07,27.47,16.02,1000.2,24.89,49.84,569.01,2021-12-03 11:31:04
448,00:07:28,16.85,1061.67,105.0,32.34,0.91,29.72,27.99,15.99,1001.0,24.89,49.88,570.31,2021-12-03 11:31:05
449,00:07:29,18.39,1158.83,105.0,36.25,0.87,31.74,27.39,15.85,1000.6,24.89,49.92,569.34,2021-12-03 11:31:06
450,00:07:30,18.39,1158.83,105.0,36.25,0.87,31.74,27.39,15.85,1000.6,24.89,49.92,568.36,2021-12-03 11:31:07
451,00:07:31,18.39,1158.83,105.0,36.25,0.87,31.74,27.39,15.85,1000.6,24.89,49.92,566.41,2021-12-03 11:31:08
452,00:07:32,22.32,1406.17,106.0,22.85,1.47,33.78,24.02,15.44,1000.4,24.89,49.9,562.5,2021-12-03 11:31:09
453,00:07:33,22.32,1406.17,106.0,22.85,1.47,33.78,24.02,15.44,1000.4,24.89,49.9,561.52,2021-12-03 11:31:10
454,00:07:34,16.78,1057.33,107.0,27.99,1.06,29.87,28.25,16.12,999.7,24.89,49.93,556.64,2021-12-03 11:31:11
455,00:07:35,16.78,1057.33,107.0,27.99,1.06,29.87,28.25,16.12,999.7,24.89,49.93,554.69,2021-12-03 11:31:12
456,00:07:36,17.61,1109.5,107.0,36.52,0.89,32.78,29.54,16.24,1000.6,24.89,49.94,554.69,2021-12-03 11:31:13
457,00:07:37,17.61,1109.5,107.0,36.52,0.89,32.78,29.54,16.24,1000.6,24.89,49.94,554.69,2021-12-03 11:31:14
458,00:07:38,18.44,1161.83,108.0,31.97,1.05,33.73,29.03,16.25,1000.9,24.89,49.95,561.28,2021-12-03 11:31:15
459,00:07:39,18.44,1161.83,107.0,31.97,1.05,33.73,29.03,16.25,1000.9,24.89,49.95,558.59,2021-12-03 11:31:16
460,00:07:40,18.33,1154.5,107.0,26.25,1.21,31.88,27.61,16.08,1001.7,24.89,49.95,570.31,2021-12-03 11:31:17
461,00:07:41,18.33,1154.5,107.0,26.25,1.21,31.88,27.61,16.08,1001.7,24.89,49.95,562.5,2021-12-03 11:31:18
462,00:07:42,17.11,1077.83,107.0,26.72,1.13,30.45,28.25,16.15,999.8,24.89,49.97,562.5,2021-12-03 11:31:19
463,00:07:43,17.11,1077.83,107.0,26.72,1.13,30.45,28.25,16.15,999.8,24.89,49.97,554.69,2021-12-03 11:31:20
464,00:07:44,17.0,1071.0,107.0,31.48,0.98,31.05,28.99,16.2,1000.3,24.89,49.96,556.64,2021-12-03 11:31:21
465,00:07:45,17.0,1071.0,107.0,31.48,0.98,31.05,28.99,16.2,1000.3,24.89,49.96,554.69,2021-12-03 11:31:22
466,00:07:46,17.0,1071.0,108.0,31.48,0.98,31.05,28.99,16.2,1000.3,24.89,49.96,556.64,2021-12-03 11:31:23
467,00:07:47,19.34,1218.67,108.0,23.49,1.39,32.75,26.87,16.0,999.8,24.89,49.96,566.41,2021-12-03 11:31:24
468,00:07:48,19.34,1218.67,107.0,23.49,1.39,32.75,26.87,16.0,999.8,24.89,49.96,570.31,2021-12-03 11:31:25
469,00:07:49,15.99,1007.67,107.0,25.31,1.15,29.34,29.12,16.3,1000.1,24.9,49.94,558.59,2021-12-03 11:31:26
470,00:07:50,15.99,1007.67,106.0,25.31,1.15,29.34,29.12,16.3,1000.1,24.9,49.94,572.27,2021-12-03 11:31:27
471,00:07:51,15.73,990.83,106.0,31.91,0.94,30.15,30.43,16.4,999.2,24.89,49.92,564.45,2021-12-03 11:31:28
472,00:07:52,15.73,990.83,106.0,31.91,0.94,30.15,30.43,16.4,999.2,24.89,49.92,558.59,2021-12-03 11:31:29
473,00:07:53,17.28,1088.83,106.0,32.2,1.02,32.97,30.28,16.42,998.9,24.9,49.93,554.69,2021-12-03 11:31:30
474,00:07:54,17.28,1088.83,107.0,32.2,1.02,32.97,30.28,16.42,998.9,24.9,49.93,554.69,2021-12-03 11:31:31
475,00:07:55,17.3,1090.0,107.0,30.08,1.06,32.08,29.43,16.31,1000.2,24.9,49.91,562.5,2021-12-03 11:31:32
476,00:07:56,17.3,1090.0,108.0,30.08,1.06,32.08,29.43,16.31,1000.2,24.9,49.91,556.15,2021-12-03 11:31:33
477,00:07:57,17.67,1113.0,108.0,31.13,1.03,32.18,28.91,16.22,1001.5,24.89,49.88,562.5,2021-12-03 11:31:34
478,00:07:58,17.67,1113.0,107.0,31.13,1.03,32.18,28.91,16.22,1001.5,24.89,49.88,556.64,2021-12-03 11:31:35
479,00:07:59,13.86,873.17,107.0,33.75,0.74,25.0,28.63,15.94,999.9,24.9,49.87,558.59,2021-12-03 11:31:36
480,00:08:00,17.25,1086.83,108.0,30.93,1.0,31.15,28.66,16.16,999.5,24.9,49.87,548.83,2021-12-03 11:31:37
481,00:08:01,17.25,1086.83,108.0,30.93,1.0,31.15,28.66,16.16,999.5,24.9,49.87,556.64,2021-12-03 11:31:38
482,00:08:02,17.93,1129.5,108.0,30.55,1.03,31.51,27.9,16.04,999.6,24.9,49.86,556.64,2021-12-03 11:31:39
483,00:08:03,17.93,1129.5,108.0,30.55,1.03,31.51,27.9,16.04,999.6,24.9,49.86,560.55,2021-12-03 11:31:40
484,00:08:04,17.92,1129.0,108.0,33.25,0.94,31.57,27.96,16.0,999.4,24.89,49.86,558.59,2021-12-03 11:31:41
485,00:08:05,17.92,1129.0,108.0,33.25,0.94,31.57,27.96,16.0,999.4,24.89,49.86,558.59,2021-12-03 11:31:42
486,00:08:06,17.7,1115.33,107.0,31.07,1.03,32.17,28.84,16.2,999.8,24.89,49.85,558.59,2021-12-03 11:31:43
487,00:08:07,17.7,1115.33,108.0,31.07,1.03,32.17,28.84,16.2,999.8,24.89,49.85,546.88,2021-12-03 11:31:44
488,00:08:08,18.24,1149.17,108.0,36.5,0.91,33.52,29.17,16.19,1000.2,24.9,49.82,552.73,2021-12-03 11:31:45
489,00:08:09,18.24,1149.17,108.0,36.5,0.91,33.52,29.17,16.19,1000.2,24.9,49.82,550.78,2021-12-03 11:31:46
490,00:08:10,17.21,1084.17,109.0,33.18,0.93,31.08,28.67,16.11,999.1,24.9,49.84,552.73,2021-12-03 11:31:47
491,00:08:11,17.21,1084.17,109.0,33.18,0.93,31.08,28.67,16.11,999.1,24.9,49.84,550.78,2021-12-03 11:31:48
492,00:08:12,18.92,1192.17,109.0,29.69,1.13,33.81,28.36,16.18,1001.8,24.9,49.84,554.69,2021-12-03 11:31:49
493,00:08:13,18.92,1192.17,109.0,29.69,1.13,33.81,28.36,16.18,1001.8,24.9,49.84,562.5,2021-12-03 11:31:50
494,00:08:14,17.86,1125.17,108.0,31.86,1.03,32.85,29.2,16.26,1000.7,24.9,49.85,559.57,2021-12-03 11:31:51
495,00:08:15,15.89,1001.17,108.0,34.15,0.85,29.25,29.22,16.15,999.6,24.9,49.88,562.5,2021-12-03 11:31:52
496,00:08:16,15.89,1001.17,107.0,34.15,0.85,29.25,29.22,16.15,999.6,24.9,49.88,568.36,2021-12-03 11:31:53
497,00:08:17,17.59,1108.0,107.0,37.61,0.86,32.65,29.47,16.2,999.4,24.91,49.89,564.45,2021-12-03 11:31:54
498,00:08:18,17.59,1108.0,106.0,37.61,0.86,32.65,29.47,16.2,999.4,24.91,49.89,570.31,2021-12-03 11:31:55
499,00:08:19,18.15,1143.33,106.0,32.23,1.02,33.13,28.98,16.22,999.0,24.91,49.91,562.5,2021-12-03 11:31:56
500,00:08:20,18.15,1143.33,106.0,32.23,1.02,33.13,28.98,16.22,999.0,24.91,49.91,554.69,2021-12-03 11:31:57
501,00:08:21,18.72,1179.33,107.0,29.79,1.11,33.21,28.16,16.14,1001.9,24.91,49.91,562.5,2021-12-03 11:31:58
502,00:08:22,18.72,1179.33,107.0,29.79,1.11,33.21,28.16,16.14,1001.9,24.91,49.91,562.5,2021-12-03 11:31:59
503,00:08:23,15.61,983.33,107.0,31.9,0.9,28.8,29.29,16.2,1001.4,24.91,49.95,570.31,2021-12-03 11:32:00
504,00:08:24,15.61,983.33,106.0,31.9,0.9,28.8,29.29,16.2,1001.4,24.91,49.95,572.27,2021-12-03 11:32:01
505,00:08:25,17.93,1129.83,106.0,27.44,1.15,31.69,28.05,16.12,999.2,24.91,49.97,572.27,2021-12-03 11:32:02
506,00:08:26,17.93,1129.83,105.0,27.44,1.15,31.69,28.05,16.12,999.2,24.91,49.97,572.27,2021-12-03 11:32:03
507,00:08:27,16.36,1030.67,105.0,37.54,0.8,30.27,29.37,16.14,1001.1,24.91,50.01,578.12,2021-12-03 11:32:04
508,00:08:28,16.46,1037.17,105.0,39.57,0.77,30.48,29.39,16.11,1000.9,24.91,50.0,572.27,2021-12-03 11:32:05
509,00:08:29,16.46,1037.17,105.0,39.57,0.77,30.48,29.39,16.11,1000.9,24.91,50.0,572.27,2021-12-03 11:32:06
510,00:08:30,15.73,990.83,105.0,32.87,0.88,29.23,29.5,16.21,999.1,24.91,50.01,572.27,2021-12-03 11:32:07
511,00:08:31,15.73,990.83,105.0,32.87,0.88,29.23,29.5,16.21,999.1,24.91,50.01,562.5,2021-12-03 11:32:08
512,00:08:32,16.55,1042.83,105.0,32.52,0.92,30.17,28.93,16.16,1000.2,24.91,49.98,569.82,2021-12-03 11:32:09
513,00:08:33,17.33,1092.0,105.0,31.56,1.0,31.87,29.18,16.24,998.9,24.91,49.98,572.27,2021-12-03 11:32:10
514,00:08:34,17.33,1092.0,105.0,31.56,1.0,31.87,29.18,16.24,998.9,24.91,49.98,576.17,2021-12-03 11:32:11
515,00:08:35,17.33,1092.0,105.0,31.56,1.0,31.87,29.18,16.24,998.9,24.91,49.98,570.31,2021-12-03 11:32:12
516,00:08:36,20.67,1302.0,105.0,25.26,1.35,34.35,26.38,15.91,1002.0,24.91,49.94,578.12,2021-12-03 11:32:13
517,00:08:37,20.67,1302.0,104.0,25.26,1.35,34.35,26.38,15.91,1002.0,24.91,49.94,578.12,2021-12-03 11:32:14
518,00:08:38,20.67,1302.0,105.0,25.26,1.35,34.35,26.38,15.91,1002.0,24.91,49.94,558.59,2021-12-03 11:32:15
519,00:08:39,20.67,1302.0,105.0,25.26,1.35,34.35,26.38,15.91,1002.0,24.91,49.94,542.97,2021-12-03 11:32:16
520,00:08:40,14.45,910.5,105.0,16.29,1.39,22.74,24.98,15.63,1000.1,24.91,49.94,546.88,2021-12-03 11:32:17
521,00:08:41,14.45,910.5,107.0,16.29,1.39,22.74,24.98,15.63,1000.1,24.91,49.94,544.92,2021-12-03 11:32:18
522,00:08:42,20.9,1316.67,109.0,21.46,1.47,31.62,24.02,15.45,1001.9,24.91,49.92,544.92,2021-12-03 11:32:19
523,00:08:43,20.9,1316.67,110.0,21.46,1.47,31.62,24.02,15.45,1001.9,24.91,49.92,552.73,2021-12-03 11:32:20
524,00:08:44,20.9,1316.67,110.0,21.46,1.47,31.62,24.02,15.45,1001.9,24.91,49.92,554.69,2021-12-03 11:32:21
525,00:08:45,19.11,1203.83,109.0,19.86,1.49,29.63,24.61,15.57,999.7,24.92,49.9,556.64,2021-12-03 11:32:22
526,00:08:46,19.11,1203.83,108.0,19.86,1.49,29.63,24.61,15.57,999.7,24.92,49.9,562.5,2021-12-03 11:32:23
527,00:08:47,19.11,1203.83,108.0,19.86,1.49,29.63,24.61,15.57,999.7,24.92,49.9,562.5,2021-12-03 11:32:24
528,00:08:48,18.94,1193.0,108.0,23.21,1.33,30.88,25.88,15.79,1000.1,24.92,49.88,562.5,2021-12-03 11:32:25
529,00:08:49,18.94,1193.0,107.0,23.21,1.33,30.88,25.88,15.79,1000.1,24.92,49.88,568.36,2021-12-03 11:32:26
530,00:08:50,18.92,1191.83,107.0,24.87,1.3,32.43,27.21,16.04,1001.5,24.92,49.91,566.41,2021-12-03 11:32:27
531,00:08:51,18.92,1191.83,106.0,24.87,1.3,32.43,27.21,16.04,1001.5,24.92,49.91,560.06,2021-12-03 11:32:28
532,00:08:52,18.92,1191.83,106.0,24.87,1.3,32.43,27.21,16.04,1001.5,24.92,49.91,566.41,2021-12-03 11:32:29
533,00:08:53,17.43,1098.0,106.0,26.35,1.15,30.36,27.65,16.06,1000.9,24.92,49.93,564.45,2021-12-03 11:32:30
534,00:08:54,17.43,1098.0,106.0,26.35,1.15,30.36,27.65,16.06,1000.9,24.92,49.93,570.31,2021-12-03 11:32:31
535,00:08:55,14.98,943.67,106.0,33.13,0.8,26.82,28.42,15.97,999.7,24.92,49.96,564.45,2021-12-03 11:32:32
536,00:08:56,16.13,1016.33,106.0,31.42,0.91,28.67,28.21,16.02,999.4,24.92,49.97,572.27,2021-12-03 11:32:33
537,00:08:57,16.13,1016.33,106.0,31.42,0.91,28.67,28.21,16.02,999.4,24.92,49.97,570.31,2021-12-03 11:32:34
538,00:08:58,17.69,1114.67,106.0,36.54,0.85,31.1,27.9,15.92,1000.2,24.92,49.97,566.41,2021-12-03 11:32:35
539,00:08:59,17.69,1114.67,106.0,36.54,0.85,31.1,27.9,15.92,1000.2,24.92,49.97,566.41,2021-12-03 11:32:36
540,00:09:00,17.76,1118.67,106.0,33.58,0.9,30.54,27.3,15.86,999.9,24.92,49.97,563.48,2021-12-03 11:32:37
541,00:09:01,17.76,1118.67,106.0,33.58,0.9,30.54,27.3,15.86,999.9,24.92,49.97,564.45,2021-12-03 11:32:38
542,00:09:02,19.73,1242.83,106.0,24.99,1.27,31.95,25.71,15.74,1001.2,24.92,49.95,564.45,2021-12-03 11:32:39
543,00:09:03,19.73,1242.83,106.0,24.99,1.27,31.95,25.71,15.74,1001.2,24.92,49.95,554.69,2021-12-03 11:32:40
544,00:09:04,15.69,988.67,106.0,28.13,0.97,27.52,27.84,16.0,1000.8,24.92,49.95,566.41,2021-12-03 11:32:41
545,00:09:05,15.69,988.67,107.0,28.13,0.97,27.52,27.84,16.0,1000.8,24.92,49.95,562.5,2021-12-03 11:32:42
546,00:09:06,16.82,1059.83,107.0,30.53,0.97,29.72,28.04,16.03,999.6,24.92,49.97,562.5,2021-12-03 11:32:43
547,00:09:07,16.82,1059.83,107.0,30.53,0.97,29.72,28.04,16.03,999.6,24.92,49.97,559.57,2021-12-03 11:32:44
548,00:09:08,17.32,1091.17,107.0,26.48,1.1,29.13,26.7,15.86,1000.3,24.92,49.94,554.69,2021-12-03 11:32:45
549,00:09:09,17.32,1091.17,107.0,26.48,1.1,29.13,26.7,15.86,1000.3,24.92,49.94,558.59,2021-12-03 11:32:46
550,00:09:10,16.82,1059.5,107.0,31.58,0.93,29.4,27.75,15.95,1000.5,24.92,49.97,833.98,2021-12-03 11:32:47
551,00:09:11,16.82,1059.5,107.0,31.58,0.93,29.4,27.75,15.95,1000.5,24.92,49.97,558.59,2021-12-03 11:32:48
552,00:09:12,16.82,1059.5,107.0,31.58,0.93,29.4,27.75,15.95,1000.5,24.92,49.97,558.59,2021-12-03 11:32:49
553,00:09:13,18.37,1157.5,107.0,26.1,1.16,30.29,26.17,15.78,1000.6,24.92,49.94,560.55,2021-12-03 11:32:50
554,00:09:14,18.56,1169.17,107.0,35.19,0.9,31.86,27.25,15.85,1001.7,24.93,49.96,560.55,2021-12-03 11:32:51
555,00:09:15,18.56,1169.17,107.0,35.19,0.9,31.86,27.25,15.85,1001.7,24.93,49.96,558.59,2021-12-03 11:32:52
556,00:09:16,18.56,1169.17,107.0,35.19,0.9,31.86,27.25,15.85,1001.7,24.93,49.96,558.59,2021-12-03 11:32:53
557,00:09:17,18.65,1175.17,107.0,22.47,1.31,29.6,25.19,15.65,1000.5,24.92,49.97,554.69,2021-12-03 11:32:54
558,00:09:18,18.65,1175.17,108.0,22.47,1.31,29.6,25.19,15.65,1000.5,24.92,49.97,546.88,2021-12-03 11:32:55
559,00:09:19,18.6,1171.67,108.0,27.46,1.13,31.3,26.71,15.88,1000.0,24.93,50.01,552.73,2021-12-03 11:32:56
560,00:09:20,18.6,1171.67,109.0,27.46,1.13,31.3,26.71,15.88,1000.0,24.93,50.01,550.78,2021-12-03 11:32:57
561,00:09:21,18.0,1134.17,109.0,36.03,0.88,31.96,28.18,16.0,1000.2,24.93,50.02,558.59,2021-12-03 11:32:58
562,00:09:22,18.0,1134.17,109.0,36.03,0.88,31.96,28.18,16.0,1000.2,24.93,50.02,548.83,2021-12-03 11:32:59
563,00:09:23,16.78,1057.0,109.0,33.26,0.91,30.29,28.66,16.1,1000.6,24.92,50.02,552.73,2021-12-03 11:33:00
564,00:09:24,16.78,1057.0,109.0,33.26,0.91,30.29,28.66,16.1,1000.6,24.92,50.02,542.97,2021-12-03 11:33:01
565,00:09:25,16.78,1057.0,109.0,33.26,0.91,30.29,28.66,16.1,1000.6,24.92,50.02,532.71,2021-12-03 11:33:02
566,00:09:26,23.81,1500.33,109.0,16.63,2.34,38.96,25.97,16.0,1001.6,24.93,50.03,556.64,2021-12-03 11:33:03
567,00:09:27,23.81,1500.33,109.0,16.63,2.34,38.96,25.97,16.0,1001.6,24.93,50.03,554.69,2021-12-03 11:33:04
568,00:09:28,13.95,879.0,109.0,27.35,1.0,27.49,31.27,16.56,1000.0,24.93,50.14,830.08,2021-12-03 11:33:05
569,00:09:29,13.95,879.0,109.0,27.35,1.0,27.49,31.27,16.56,1000.0,24.93,50.14,550.78,2021-12-03 11:33:06
570,00:09:30,14.01,882.33,109.0,36.65,0.71,26.16,29.65,16.08,1000.5,24.93,50.18,552.73,2021-12-03 11:33:07
571,00:09:31,14.01,882.33,109.0,36.65,0.71,26.16,29.65,16.08,1000.5,24.93,50.18,556.64,2021-12-03 11:33:08
572,00:09:32,15.52,977.83,108.0,33.56,0.82,27.56,28.18,15.94,1000.1,24.93,50.21,554.69,2021-12-03 11:33:09
573,00:09:33,15.52,977.83,108.0,33.56,0.82,27.56,28.18,15.94,1000.1,24.93,50.21,558.59,2021-12-03 11:33:10
574,00:09:34,18.58,1170.33,108.0,36.64,0.88,32.37,27.66,15.9,999.6,24.93,50.24,560.55,2021-12-03 11:33:11
575,00:09:35,18.24,1149.33,107.0,38.93,0.81,31.55,27.45,15.81,1001.1,24.93,50.25,564.45,2021-12-03 11:33:12
576,00:09:36,18.24,1149.33,107.0,38.93,0.81,31.55,27.45,15.81,1001.1,24.93,50.25,566.41,2021-12-03 11:33:13
577,00:09:37,16.83,1060.0,107.0,32.88,0.89,29.36,27.7,15.91,999.3,24.93,50.26,566.41,2021-12-03 11:33:14
578,00:09:38,16.83,1060.0,107.0,32.88,0.89,29.36,27.7,15.91,999.3,24.93,50.26,552.73,2021-12-03 11:33:15
579,00:09:39,18.13,1142.33,107.0,34.83,0.91,31.92,27.94,15.98,1001.6,24.93,50.27,548.83,2021-12-03 11:33:16
580,00:09:40,18.13,1142.33,108.0,34.83,0.91,31.92,27.94,15.98,1001.6,24.93,50.27,546.88,2021-12-03 11:33:17
581,00:09:41,17.63,1110.67,109.0,34.6,0.87,30.38,27.35,15.84,1000.1,24.93,50.26,550.78,2021-12-03 11:33:18
582,00:09:42,18.32,1154.17,109.0,31.18,1.01,31.77,27.53,15.96,999.3,24.93,50.26,550.78,2021-12-03 11:33:19
583,00:09:43,18.32,1154.17,109.0,31.18,1.01,31.77,27.53,15.96,999.3,24.93,50.26,550.29,2021-12-03 11:33:20
584,00:09:44,17.83,1123.33,109.0,31.13,1.0,31.44,27.99,16.04,999.8,24.93,50.26,546.88,2021-12-03 11:33:21
585,00:09:45,17.83,1123.33,109.0,31.13,1.0,31.44,27.99,16.04,999.8,24.93,50.26,546.88,2021-12-03 11:33:22
586,00:09:46,17.83,1123.33,110.0,31.13,1.0,31.44,27.99,16.04,999.8,24.93,50.26,542.97,2021-12-03 11:33:23
587,00:09:47,18.1,1140.0,110.0,29.43,1.06,31.48,27.61,16.02,1001.4,24.94,50.24,542.97,2021-12-03 11:33:24
588,00:09:48,18.1,1140.0,110.0,29.43,1.06,31.48,27.61,16.02,1001.4,24.94,50.24,534.18,2021-12-03 11:33:25
589,00:09:49,16.87,1062.5,111.0,20.58,1.31,27.09,25.5,15.72,1001.1,24.94,50.2,539.06,2021-12-03 11:33:26
590,00:09:50,16.87,1062.5,112.0,20.58,1.31,27.09,25.5,15.72,1001.1,24.94,50.2,541.02,2021-12-03 11:33:27
591,00:09:51,16.85,1061.33,111.0,38.33,0.78,30.25,28.5,15.97,999.8,24.93,50.16,548.83,2021-12-03 11:33:28
592,00:09:52,16.85,1061.33,111.0,38.33,0.78,30.25,28.5,15.97,999.8,24.93,50.16,541.02,2021-12-03 11:33:29
593,00:09:53,16.56,1043.17,111.0,36.85,0.8,29.53,28.31,15.95,1000.4,24.93,50.15,546.88,2021-12-03 11:33:30
594,00:09:54,16.21,1021.33,110.0,34.29,0.81,27.82,27.24,15.77,1001.0,24.94,50.15,552.73,2021-12-03 11:33:31
595,00:09:55,16.21,1021.33,110.0,34.29,0.81,27.82,27.24,15.77,1001.0,24.94,50.15,558.59,2021-12-03 11:33:32
596,00:09:56,17.41,1097.0,109.0,30.19,0.96,29.12,26.55,15.75,1000.0,24.94,50.1,552.73,2021-12-03 11:33:33
597,00:09:57,17.41,1097.0,109.0,30.19,0.96,29.12,26.55,15.75,1000.0,24.94,50.1,550.78,2021-12-03 11:33:34
598,00:09:58,18.99,1196.17,109.0,37.62,0.83,31.53,26.36,15.61,999.2,24.94,50.09,548.83,2021-12-03 11:33:35
599,00:09:59,19.38,1221.17,109.0,39.74,0.82,32.62,26.71,15.66,999.1,24.94,50.08,546.88,2021-12-03 11:33:36
600,00:10:00,19.38,1221.17,109.0,39.74,0.82,32.62,26.71,15.66,999.1,24.94,50.08,546.88,2021-12-03 11:33:37
601,00:10:01,18.75,1181.0,110.0,41.43,0.77,32.23,27.29,15.73,998.8,24.94,50.08,542.48,2021-12-03 11:33:38
602,00:10:02,17.97,1132.33,110.0,42.75,0.73,31.31,27.65,15.75,999.4,24.94,50.06,529.3,2021-12-03 11:33:39
603,00:10:03,17.97,1132.33,111.0,42.75,0.73,31.31,27.65,15.75,999.4,24.94,50.06,529.3,2021-12-03 11:33:40
604,00:10:04,17.91,1128.5,112.0,38.8,0.81,31.81,28.19,15.94,999.2,24.95,50.06,525.39,2021-12-03 11:33:41
605,00:10:05,19.62,1236.17,113.0,38.46,0.87,33.62,27.2,15.82,1001.5,24.94,50.05,525.39,2021-12-03 11:33:42
606,00:10:06,19.62,1236.17,113.0,38.46,0.87,33.62,27.2,15.82,1001.5,24.94,50.05,1046.88,2021-12-03 11:33:43
607,00:10:07,19.62,1236.17,114.0,38.46,0.87,33.62,27.2,15.82,1001.5,24.94,50.05,523.44,2021-12-03 11:33:44
608,00:10:08,18.48,1164.33,114.0,37.87,0.89,33.74,28.98,16.14,1000.6,24.95,50.05,527.34,2021-12-03 11:33:45
609,00:10:09,18.48,1164.33,115.0,37.87,0.89,33.74,28.98,16.14,1000.6,24.95,50.05,521.48,2021-12-03 11:33:46
610,00:10:10,16.43,1035.17,115.0,34.89,0.85,29.74,28.73,16.06,999.6,24.94,50.06,525.39,2021-12-03 11:33:47
611,00:10:11,17.63,1110.67,115.0,37.67,0.82,31.13,28.03,15.92,1000.3,24.95,50.06,525.39,2021-12-03 11:33:48
612,00:10:12,17.63,1110.67,115.0,37.67,0.82,31.13,28.03,15.92,1000.3,24.95,50.06,517.58,2021-12-03 11:33:49
613,00:10:13,18.31,1153.83,115.0,32.15,0.98,31.73,27.5,15.95,1001.8,24.95,50.06,519.53,2021-12-03 11:33:50
614,00:10:14,18.31,1153.83,115.0,32.15,0.98,31.73,27.5,15.95,1001.8,24.95,50.06,509.77,2021-12-03 11:33:51
615,00:10:15,18.31,1153.83,116.0,32.15,0.98,31.73,27.5,15.95,1001.8,24.95,50.06,511.72,2021-12-03 11:33:52
616,00:10:16,17.72,1116.67,117.0,24.63,1.15,28.45,25.48,15.64,1000.0,24.95,50.08,507.81,2021-12-03 11:33:53
617,00:10:17,17.77,1119.5,117.0,32.73,0.89,29.34,26.21,15.63,1000.4,24.95,50.08,511.23,2021-12-03 11:33:54
618,00:10:18,17.77,1119.5,118.0,32.73,0.89,29.34,26.21,15.63,1000.4,24.95,50.08,505.86,2021-12-03 11:33:55
619,00:10:19,19.77,1245.5,118.0,31.91,1.03,33.13,26.6,15.81,1000.3,24.96,50.09,507.81,2021-12-03 11:33:56
620,00:10:20,19.77,1245.5,118.0,31.91,1.03,33.13,26.6,15.81,1000.3,24.96,50.09,501.95,2021-12-03 11:33:57
621,00:10:21,19.77,1245.5,119.0,31.91,1.03,33.13,26.6,15.81,1000.3,24.96,50.09,501.95,2021-12-03 11:33:58
622,00:10:22,23.39,1473.5,119.0,21.84,1.6,34.98,23.74,15.41,1001.1,24.94,50.08,500.0,2021-12-03 11:33:59
623,00:10:23,23.39,1473.5,120.0,21.84,1.6,34.98,23.74,15.41,1001.1,24.94,50.08,500.0,2021-12-03 11:34:00
624,00:10:24,18.93,1192.33,120.0,34.85,0.93,32.75,27.47,15.9,999.4,24.95,50.09,500.0,2021-12-03 11:34:01
625,00:10:25,18.93,1192.33,120.0,34.85,0.93,32.75,27.47,15.9,999.4,24.95,50.09,500.0,2021-12-03 11:34:02
626,00:10:26,18.11,1141.0,120.0,32.69,0.96,31.69,27.77,15.98,1000.0,24.96,50.14,503.91,2021-12-03 11:34:03
627,00:10:27,18.11,1141.0,120.0,32.69,0.96,31.69,27.77,15.98,1000.0,24.96,50.14,500.0,2021-12-03 11:34:04
628,00:10:28,22.02,1387.5,120.0,23.14,1.48,34.43,24.81,15.62,1000.8,24.96,50.19,498.05,2021-12-03 11:34:05
629,00:10:29,22.02,1387.5,120.0,23.14,1.48,34.43,24.81,15.62,1000.8,24.96,50.19,496.09,2021-12-03 11:34:06
630,00:10:30,22.02,1387.5,120.0,23.14,1.48,34.43,24.81,15.62,1000.8,24.96,50.19,1007.81,2021-12-03 11:34:07
631,00:10:31,20.73,1306.0,120.0,25.37,1.29,32.94,25.22,15.65,1000.3,24.96,50.24,501.95,2021-12-03 11:34:08
632,00:10:32,20.73,1306.0,120.0,25.37,1.29,32.94,25.22,15.65,1000.3,24.96,50.24,501.95,2021-12-03 11:34:09
633,00:10:33,18.53,1167.5,120.0,26.57,1.12,29.77,25.5,15.63,1000.2,24.95,50.29,500.0,2021-12-03 11:34:10
634,00:10:34,18.53,1167.5,120.0,26.57,1.12,29.77,25.5,15.63,1000.2,24.95,50.29,496.09,2021-12-03 11:34:11
635,00:10:35,18.53,1167.5,120.0,26.57,1.12,29.77,25.5,15.63,1000.2,24.95,50.29,496.09,2021-12-03 11:34:12
636,00:10:36,24.33,1532.67,121.0,20.08,1.74,35.02,22.85,15.23,1000.3,24.94,50.34,491.7,2021-12-03 11:34:13
637,00:10:37,24.33,1532.67,121.0,20.08,1.74,35.02,22.85,15.23,1000.3,24.94,50.34,492.19,2021-12-03 11:34:14
638,00:10:38,24.33,1532.67,121.0,20.08,1.74,35.02,22.85,15.23,1000.3,24.94,50.34,494.14,2021-12-03 11:34:15
639,00:10:39,22.41,1412.0,122.0,20.2,1.56,31.55,22.34,15.05,999.7,24.96,50.4,492.19,2021-12-03 11:34:16
640,00:10:40,22.41,1412.0,122.0,20.2,1.56,31.55,22.34,15.05,999.7,24.96,50.4,496.09,2021-12-03 11:34:17
641,00:10:41,22.41,1412.0,122.0,20.2,1.56,31.55,22.34,15.05,999.7,24.96,50.4,492.19,2021-12-03 11:34:18
642,00:10:42,20.19,1272.0,121.0,20.04,1.51,30.34,23.85,15.42,1001.1,24.97,50.44,498.05,2021-12-03 11:34:19
643,00:10:43,20.19,1272.0,121.0,20.04,1.51,30.34,23.85,15.42,1001.1,24.97,50.44,500.0,2021-12-03 11:34:20
644,00:10:44,20.19,1272.0,121.0,20.04,1.51,30.34,23.85,15.42,1001.1,24.97,50.44,669.27,2021-12-03 11:34:21
645,00:10:45,23.3,1468.0,121.0,19.81,1.68,33.32,22.7,15.17,1000.1,24.97,50.46,503.91,2021-12-03 11:34:22
646,00:10:46,23.3,1468.0,120.0,19.81,1.68,33.32,22.7,15.17,1000.1,24.97,50.46,507.81,2021-12-03 11:34:23
647,00:10:47,23.3,1468.0,119.0,19.81,1.68,33.32,22.7,15.17,1000.1,24.97,50.46,503.91,2021-12-03 11:34:24
648,00:10:48,24.83,1564.0,119.0,19.95,1.79,35.75,22.86,15.24,1000.9,24.97,50.51,503.91,2021-12-03 11:34:25
649,00:10:49,24.83,1564.0,119.0,19.95,1.79,35.75,22.86,15.24,1000.9,24.97,50.51,511.72,2021-12-03 11:34:26
650,00:10:50,24.83,1564.0,119.0,19.95,1.79,35.75,22.86,15.24,1000.9,24.97,50.51,501.95,2021-12-03 11:34:27
651,00:10:51,22.39,1410.33,119.0,20.05,1.66,33.3,23.61,15.4,1001.7,24.97,50.59,501.95,2021-12-03 11:34:28
652,00:10:52,22.39,1410.33,119.0,20.05,1.66,33.3,23.61,15.4,1001.7,24.97,50.59,501.95,2021-12-03 11:34:29
653,00:10:53,22.39,1410.33,119.0,20.05,1.66,33.3,23.61,15.4,1001.7,24.97,50.59,507.81,2021-12-03 11:34:30
654,00:10:54,19.78,1245.83,119.0,17.84,1.58,28.24,22.67,15.14,1000.2,24.97,50.67,503.91,2021-12-03 11:34:31
655,00:10:55,19.78,1245.83,119.0,17.84,1.58,28.24,22.67,15.14,1000.2,24.97,50.67,499.76,2021-12-03 11:34:32
656,00:10:56,19.78,1245.83,120.0,17.84,1.58,28.24,22.67,15.14,1000.2,24.97,50.67,496.09,2021-12-03 11:34:33
657,00:10:57,23.78,1497.83,120.0,20.21,1.59,32.25,21.53,14.84,999.9,24.98,50.74,492.19,2021-12-03 11:34:34
658,00:10:58,23.78,1497.83,120.0,20.21,1.59,32.25,21.53,14.84,999.9,24.98,50.74,988.28,2021-12-03 11:34:35
659,00:10:59,23.78,1497.83,120.0,20.21,1.59,32.25,21.53,14.84,999.9,24.98,50.74,492.19,2021-12-03 11:34:36
660,00:11:00,23.78,1497.83,121.0,20.21,1.59,32.25,21.53,14.84,999.9,24.98,50.74,492.19,2021-12-03 11:34:37
661,00:11:01,26.55,1672.83,121.0,17.81,2.06,36.79,21.99,15.06,999.5,24.97,50.79,498.05,2021-12-03 11:34:38
662,00:11:02,26.55,1672.83,121.0,17.81,2.06,36.79,21.99,15.06,999.5,24.97,50.79,494.14,2021-12-03 11:34:39
663,00:11:03,26.55,1672.83,122.0,17.81,2.06,36.79,21.99,15.06,999.5,24.97,50.79,488.28,2021-12-03 11:34:40
664,00:11:04,25.58,1611.67,122.0,19.98,1.82,36.52,22.66,15.21,1001.9,24.98,50.89,488.28,2021-12-03 11:34:41
665,00:11:05,25.58,1611.67,122.0,19.98,1.82,36.52,22.66,15.21,1001.9,24.98,50.89,484.38,2021-12-03 11:34:42
666,00:11:06,23.3,1468.0,123.0,20.55,1.65,33.95,23.13,15.27,999.2,24.97,51.02,484.38,2021-12-03 11:34:43
667,00:11:07,23.3,1468.0,123.0,20.55,1.65,33.95,23.13,15.27,999.2,24.97,51.02,488.28,2021-12-03 11:34:44
668,00:11:08,23.3,1468.0,124.0,20.55,1.65,33.95,23.13,15.27,999.2,24.97,51.02,478.52,2021-12-03 11:34:45
669,00:11:09,23.26,1465.33,124.0,22.3,1.54,34.43,23.5,15.34,1001.5,24.97,51.14,480.47,2021-12-03 11:34:46
670,00:11:10,23.26,1465.33,125.0,22.3,1.54,34.43,23.5,15.34,1001.5,24.97,51.14,481.77,2021-12-03 11:34:47
671,00:11:11,23.26,1465.33,125.0,22.3,1.54,34.43,23.5,15.34,1001.5,24.97,51.14,478.52,2021-12-03 11:34:48
672,00:11:12,22.93,1444.5,125.0,21.22,1.52,32.3,22.36,15.04,999.1,24.97,51.23,481.93,2021-12-03 11:34:49
673,00:11:13,22.93,1444.5,125.0,21.22,1.52,32.3,22.36,15.04,999.1,24.97,51.23,486.33,2021-12-03 11:34:50
674,00:11:14,22.93,1444.5,125.0,21.22,1.52,32.3,22.36,15.04,999.1,24.97,51.23,484.38,2021-12-03 11:34:51
675,00:11:15,26.86,1692.33,124.0,23.03,1.6,36.94,21.83,14.92,999.1,24.98,51.33,492.19,2021-12-03 11:34:52
676,00:11:16,26.86,1692.33,123.0,23.03,1.6,36.94,21.83,14.92,999.1,24.98,51.33,488.28,2021-12-03 11:34:53
677,00:11:17,26.38,1661.83,123.0,25.54,1.44,36.9,22.2,14.98,1000.9,24.98,51.45,488.28,2021-12-03 11:34:54
678,00:11:18,26.38,1661.83,122.0,25.54,1.44,36.9,22.2,14.98,1000.9,24.98,51.45,492.19,2021-12-03 11:34:55
679,00:11:19,23.09,1454.5,123.0,24.39,1.37,33.54,23.06,15.18,1000.2,24.98,51.53,484.38,2021-12-03 11:34:56
680,00:11:20,23.09,1454.5,123.0,24.39,1.37,33.54,23.06,15.18,1000.2,24.98,51.53,490.23,2021-12-03 11:34:57
681,00:11:21,23.09,1454.5,123.0,24.39,1.37,33.54,23.06,15.18,1000.2,24.98,51.53,490.23,2021-12-03 11:34:58
682,00:11:22,21.99,1385.67,123.0,25.53,1.31,33.53,24.2,15.43,1000.2,24.98,51.62,490.23,2021-12-03 11:34:59
683,00:11:23,21.99,1385.67,123.0,25.53,1.31,33.53,24.2,15.43,1000.2,24.98,51.62,488.28,2021-12-03 11:35:00
684,00:11:24,27.11,1708.0,123.0,27.19,1.42,38.73,22.68,15.09,999.4,24.98,51.67,488.28,2021-12-03 11:35:01
685,00:11:25,27.11,1708.0,123.0,27.19,1.42,38.73,22.68,15.09,999.4,24.98,51.67,487.3,2021-12-03 11:35:02
686,00:11:26,27.11,1708.0,123.0,27.19,1.42,38.73,22.68,15.09,999.4,24.98,51.67,484.38,2021-12-03 11:35:03
687,00:11:27,23.69,1492.33,123.0,22.85,1.49,34.12,22.86,15.17,1000.3,24.98,51.73,486.33,2021-12-03 11:35:04
688,00:11:28,23.69,1492.33,123.0,22.85,1.49,34.12,22.86,15.17,1000.3,24.98,51.73,486.33,2021-12-03 11:35:05
689,00:11:29,25.64,1615.33,123.0,22.72,1.59,36.27,22.45,15.1,1001.8,24.98,51.79,486.33,2021-12-03 11:35:06
690,00:11:30,25.64,1615.33,123.0,22.72,1.59,36.27,22.45,15.1,1001.8,24.98,51.79,486.65,2021-12-03 11:35:07
691,00:11:31,25.64,1615.33,123.0,22.72,1.59,36.27,22.45,15.1,1001.8,24.98,51.79,484.38,2021-12-03 11:35:08
692,00:11:32,25.25,1591.0,123.0,24.27,1.49,36.2,22.75,15.13,998.4,24.98,51.84,485.35,2021-12-03 11:35:09
693,00:11:33,25.25,1591.0,124.0,24.27,1.49,36.2,22.75,15.13,998.4,24.98,51.84,480.47,2021-12-03 11:35:10
694,00:11:34,25.84,1627.83,124.0,25.95,1.43,37.3,22.91,15.16,999.2,24.98,51.91,645.83,2021-12-03 11:35:11
695,00:11:35,25.84,1627.83,124.0,25.95,1.43,37.3,22.91,15.16,999.2,24.98,51.91,972.66,2021-12-03 11:35:12
696,00:11:36,25.84,1627.83,124.0,25.95,1.43,37.3,22.91,15.16,999.2,24.98,51.91,479.17,2021-12-03 11:35:13
697,00:11:37,25.88,1630.67,124.0,22.75,1.65,37.75,23.15,15.29,1001.8,24.99,51.98,480.47,2021-12-03 11:35:14
698,00:11:38,25.88,1630.67,124.0,22.75,1.65,37.75,23.15,15.29,1001.8,24.99,51.98,804.69,2021-12-03 11:35:15
699,00:11:39,25.88,1630.67,124.0,22.75,1.65,37.75,23.15,15.29,1001.8,24.99,51.98,484.38,2021-12-03 11:35:16
700,00:11:40,23.24,1463.83,125.0,20.18,1.67,33.88,23.14,15.29,1000.7,24.99,52.05,724.61,2021-12-03 11:35:17
701,00:11:41,23.24,1463.83,125.0,20.18,1.67,33.88,23.14,15.29,1000.7,24.99,52.05,484.38,2021-12-03 11:35:18
702,00:11:42,25.59,1612.0,125.0,24.17,1.51,36.51,22.65,15.11,998.8,24.99,52.12,480.47,2021-12-03 11:35:19
703,00:11:43,25.59,1612.0,124.0,24.17,1.51,36.51,22.65,15.11,998.8,24.99,52.12,732.42,2021-12-03 11:35:20
704,00:11:44,25.59,1612.0,124.0,24.17,1.51,36.51,22.65,15.11,998.8,24.99,52.12,484.38,2021-12-03 11:35:21
705,00:11:45,25.76,1622.83,124.0,20.35,1.79,36.59,22.55,15.16,1000.2,24.99,52.2,482.42,2021-12-03 11:35:22
706,00:11:46,25.76,1622.83,124.0,20.35,1.79,36.59,22.55,15.16,1000.2,24.99,52.2,479.98,2021-12-03 11:35:23
707,00:11:47,25.76,1622.83,124.0,20.35,1.79,36.59,22.55,15.16,1000.2,24.99,52.2,480.47,2021-12-03 11:35:24
708,00:11:48,23.83,1501.17,124.0,22.75,1.53,34.99,23.31,15.27,997.7,24.99,52.26,480.47,2021-12-03 11:35:25
709,00:11:49,23.83,1501.17,124.0,22.75,1.53,34.99,23.31,15.27,997.7,24.99,52.26,601.56,2021-12-03 11:35:26
710,00:11:50,23.19,1461.0,124.0,23.17,1.51,35.04,23.98,15.44,999.3,24.99,52.31,480.47,2021-12-03 11:35:27
711,00:11:51,23.19,1461.0,125.0,23.17,1.51,35.04,23.98,15.44,999.3,24.99,52.31,726.56,2021-12-03 11:35:28
712,00:11:52,23.19,1461.0,125.0,23.17,1.51,35.04,23.98,15.44,999.3,24.99,52.31,488.28,2021-12-03 11:35:29
713,00:11:53,26.94,1697.5,124.0,22.0,1.72,37.99,22.38,15.11,1001.5,24.99,52.34,484.38,2021-12-03 11:35:30
714,00:11:54,26.94,1697.5,124.0,22.0,1.72,37.99,22.38,15.11,1001.5,24.99,52.34,728.52,2021-12-03 11:35:31
715,00:11:55,26.94,1697.5,124.0,22.0,1.72,37.99,22.38,15.11,1001.5,24.99,52.34,486.33,2021-12-03 11:35:32
716,00:11:56,26.07,1642.17,124.0,23.26,1.61,37.59,22.89,15.2,999.4,24.99,52.4,482.42,2021-12-03 11:35:33
717,00:11:57,26.07,1642.17,124.0,23.26,1.61,37.59,22.89,15.2,999.4,24.99,52.4,480.47,2021-12-03 11:35:34
718,00:11:58,26.07,1642.17,124.0,23.26,1.61,37.59,22.89,15.2,999.4,24.99,52.4,478.52,2021-12-03 11:35:35
719,00:11:59,26.13,1646.33,124.0,20.9,1.87,39.1,23.75,15.46,998.9,25.0,52.47,722.66,2021-12-03 11:35:36
720,00:12:00,26.13,1646.33,125.0,20.9,1.87,39.1,23.75,15.46,998.9,25.0,52.47,484.38,2021-12-03 11:35:37
721,00:12:01,26.94,1697.33,125.0,25.35,1.61,40.98,24.14,15.51,1001.6,24.99,52.54,480.47,2021-12-03 11:35:38
722,00:12:02,26.94,1697.33,125.0,25.35,1.61,40.98,24.14,15.51,1001.6,24.99,52.54,478.52,2021-12-03 11:35:39
723,00:12:03,26.94,1697.33,125.0,25.35,1.61,40.98,24.14,15.51,1001.6,24.99,52.54,480.47,2021-12-03 11:35:40
724,00:12:04,26.94,1697.33,125.0,21.07,1.66,35.06,24.14,15.51,999.1,24.99,52.63,484.38,2021-12-03 11:35:41
725,00:12:05,26.94,1697.33,125.0,21.07,1.66,35.06,24.14,15.51,999.1,24.99,52.63,476.56,2021-12-03 11:35:42
726,00:12:06,25.34,1596.17,125.0,25.42,1.51,38.55,24.15,15.47,999.3,25.0,52.7,474.12,2021-12-03 11:35:43
727,00:12:07,25.34,1596.17,125.0,25.42,1.51,38.55,24.15,15.47,999.3,25.0,52.7,476.56,2021-12-03 11:35:44
728,00:12:08,25.34,1596.17,126.0,25.42,1.51,38.55,24.15,15.47,999.3,25.0,52.7,474.61,2021-12-03 11:35:45
729,00:12:09,25.7,1619.17,126.0,22.77,1.69,38.7,23.9,15.47,1000.3,25.0,52.79,474.61,2021-12-03 11:35:46
730,00:12:10,25.7,1619.17,126.0,22.77,1.69,38.7,23.9,15.47,1000.3,25.0,52.79,479.17,2021-12-03 11:35:47
731,00:12:11,22.01,1386.5,126.0,22.96,1.49,34.37,24.79,15.62,1001.3,25.0,52.85,482.42,2021-12-03 11:35:48
732,00:12:12,22.01,1386.5,125.0,22.96,1.49,34.37,24.79,15.62,1001.3,25.0,52.85,476.56,2021-12-03 11:35:49
733,00:12:13,22.01,1386.5,125.0,22.96,1.49,34.37,24.79,15.62,1001.3,25.0,52.85,478.52,2021-12-03 11:35:50
734,00:12:14,22.94,1445.17,125.0,23.11,1.48,34.29,23.73,15.37,999.1,25.0,52.88,476.56,2021-12-03 11:35:51
735,00:12:15,22.94,1445.17,125.0,23.11,1.48,34.29,23.73,15.37,999.1,25.0,52.88,718.75,2021-12-03 11:35:52
736,00:12:16,23.36,1471.67,126.0,23.15,1.51,35.04,23.81,15.39,998.8,25.0,52.92,474.61,2021-12-03 11:35:53
737,00:12:17,23.36,1471.67,126.0,23.15,1.51,35.04,23.81,15.39,998.8,25.0,52.92,953.12,2021-12-03 11:35:54
738,00:12:18,23.36,1471.67,126.0,23.15,1.51,35.04,23.81,15.39,998.8,25.0,52.92,470.7,2021-12-03 11:35:55
739,00:12:19,23.36,1471.67,126.0,23.15,1.51,35.04,23.81,15.39,998.8,25.0,52.92,472.66,2021-12-03 11:35:56
740,00:12:20,25.52,1607.83,126.0,20.74,1.78,36.99,23.01,15.26,998.7,25.01,52.92,479.17,2021-12-03 11:35:57
741,00:12:21,25.52,1607.83,126.0,20.74,1.78,36.99,23.01,15.26,998.7,25.01,52.92,476.56,2021-12-03 11:35:58
742,00:12:22,26.44,1665.83,126.0,22.79,1.71,38.99,23.41,15.34,998.4,25.0,52.95,478.52,2021-12-03 11:35:59
743,00:12:23,26.44,1665.83,126.0,22.79,1.71,38.99,23.41,15.34,998.4,25.0,52.95,478.03,2021-12-03 11:36:00
744,00:12:24,26.44,1665.83,126.0,22.79,1.71,38.99,23.41,15.34,998.4,25.0,52.95,476.56,2021-12-03 11:36:01
745,00:12:25,24.55,1546.67,126.0,23.13,1.56,36.23,23.42,15.31,998.0,25.01,53.0,480.47,2021-12-03 11:36:02
746,00:12:26,24.55,1546.67,126.0,23.13,1.56,36.23,23.42,15.31,998.0,25.01,53.0,474.61,2021-12-03 11:36:03
747,00:12:27,24.57,1547.83,126.0,27.01,1.35,36.66,23.68,15.31,998.5,25.01,53.02,478.52,2021-12-03 11:36:04
748,00:12:28,24.57,1547.83,125.0,27.01,1.35,36.66,23.68,15.31,998.5,25.01,53.02,480.47,2021-12-03 11:36:05
749,00:12:29,25.7,1619.17,125.0,27.08,1.44,39.23,24.23,15.47,998.8,25.0,53.05,480.47,2021-12-03 11:36:06
750,00:12:30,25.7,1619.17,125.0,27.08,1.44,39.23,24.23,15.47,998.8,25.0,53.05,488.28,2021-12-03 11:36:07
751,00:12:31,25.7,1619.17,125.0,27.08,1.44,39.23,24.23,15.47,998.8,25.0,53.05,480.47,2021-12-03 11:36:08
752,00:12:32,22.26,1402.5,124.0,23.38,1.47,34.42,24.54,15.55,999.7,25.01,53.08,486.33,2021-12-03 11:36:09
753,00:12:33,22.26,1402.5,124.0,23.38,1.47,34.42,24.54,15.55,999.7,25.01,53.08,490.89,2021-12-03 11:36:10
754,00:12:34,25.72,1620.33,123.0,26.6,1.46,38.9,24.01,15.43,999.1,25.01,53.15,494.14,2021-12-03 11:36:11
755,00:12:35,25.72,1620.33,122.0,26.6,1.46,38.9,24.01,15.43,999.1,25.01,53.15,490.23,2021-12-03 11:36:12
756,00:12:36,25.72,1620.33,122.0,26.6,1.46,38.9,24.01,15.43,999.1,25.01,53.15,488.28,2021-12-03 11:36:13
757,00:12:37,27.18,1712.33,122.0,19.62,2.02,39.68,23.17,15.35,999.1,25.01,53.21,488.28,2021-12-03 11:36:14
758,00:12:38,27.18,1712.33,122.0,19.62,2.02,39.68,23.17,15.35,999.1,25.01,53.21,734.38,2021-12-03 11:36:15
759,00:12:39,27.18,1712.33,122.0,19.62,2.02,39.68,23.17,15.35,999.1,25.01,53.21,490.23,2021-12-03 11:36:16
760,00:12:40,23.61,1487.33,122.0,24.06,1.5,36.25,24.37,15.53,1000.1,25.01,53.34,480.47,2021-12-03 11:36:17
761,00:12:41,23.61,1487.33,123.0,24.06,1.5,36.25,24.37,15.53,1000.1,25.01,53.34,722.17,2021-12-03 11:36:18
762,00:12:42,22.74,1432.33,123.0,23.15,1.44,33.35,23.28,15.25,999.0,25.01,53.41,480.47,2021-12-03 11:36:19
763,00:12:43,22.74,1432.33,124.0,23.15,1.44,33.35,23.28,15.25,999.0,25.01,53.41,476.56,2021-12-03 11:36:20
764,00:12:44,22.74,1432.33,125.0,23.15,1.44,33.35,23.28,15.25,999.0,25.01,53.41,478.52,2021-12-03 11:36:21
765,00:12:45,22.74,1432.33,126.0,23.15,1.44,33.35,23.28,15.25,999.0,25.01,53.41,474.61,2021-12-03 11:36:22
766,00:12:46,22.74,1432.33,126.0,23.15,1.44,33.35,23.28,15.25,999.0,25.01,53.41,474.61,2021-12-03 11:36:23
767,00:12:47,22.74,1432.33,127.0,23.15,1.44,33.35,23.28,15.25,999.0,25.01,53.41,463.54,2021-12-03 11:36:24
768,00:12:48,32.3,2034.67,127.0,26.34,1.6,42.19,20.74,14.6,999.0,25.01,53.47,464.84,2021-12-03 11:36:25
769,00:12:49,32.3,2034.67,129.0,26.34,1.6,42.19,20.74,14.6,999.0,25.01,53.47,464.84,2021-12-03 11:36:26
770,00:12:50,32.3,2034.67,129.0,26.34,1.6,42.19,20.74,14.6,999.0,25.01,53.47,464.84,2021-12-03 11:36:27
771,00:12:51,27.57,1736.67,129.0,18.55,2.13,39.68,22.85,15.29,1000.1,25.01,53.54,472.66,2021-12-03 11:36:28
772,00:12:52,27.57,1736.67,129.0,18.55,2.13,39.68,22.85,15.29,1000.1,25.01,53.54,476.56,2021-12-03 11:36:29
773,00:12:53,24.62,1550.83,128.0,25.51,1.44,36.96,23.83,15.39,1001.2,25.01,53.63,474.61,2021-12-03 11:36:30
774,00:12:54,24.62,1550.83,127.0,25.51,1.44,36.96,23.83,15.39,1001.2,25.01,53.63,476.56,2021-12-03 11:36:31
775,00:12:55,24.62,1550.83,126.0,25.51,1.44,36.96,23.83,15.39,1001.2,25.01,53.63,473.96,2021-12-03 11:36:32
776,00:12:56,26.92,1696.0,126.0,23.24,1.63,37.88,22.33,15.06,999.4,25.01,53.72,474.61,2021-12-03 11:36:33
777,00:12:57,26.92,1696.0,126.0,23.24,1.63,37.88,22.33,15.06,999.4,25.01,53.72,472.66,2021-12-03 11:36:34
778,00:12:58,25.41,1600.83,127.0,23.69,1.58,37.61,23.49,15.34,998.5,25.01,53.83,472.66,2021-12-03 11:36:35
779,00:12:59,25.41,1600.83,127.0,23.69,1.58,37.61,23.49,15.34,998.5,25.01,53.83,963.87,2021-12-03 11:36:36
780,00:13:00,25.41,1600.83,127.0,23.69,1.58,37.61,23.49,15.34,998.5,25.01,53.83,470.7,2021-12-03 11:36:37
781,00:13:01,25.68,1617.83,127.0,26.08,1.44,37.64,23.27,15.25,1000.5,25.02,53.9,474.61,2021-12-03 11:36:38
782,00:13:02,25.68,1617.83,127.0,26.08,1.44,37.64,23.27,15.25,1000.5,25.02,53.9,466.8,2021-12-03 11:36:39
783,00:13:03,27.92,1759.17,128.0,22.85,1.82,41.65,23.68,15.45,1001.9,25.02,54.0,467.45,2021-12-03 11:36:40
784,00:13:04,27.92,1759.17,128.0,22.85,1.82,41.65,23.68,15.45,1001.9,25.02,54.0,480.47,2021-12-03 11:36:41
785,00:13:05,27.92,1759.17,127.0,22.85,1.82,41.65,23.68,15.45,1001.9,25.02,54.0,476.56,2021-12-03 11:36:42
786,00:13:06,23.66,1490.67,127.0,24.39,1.5,36.81,24.69,15.6,1000.7,25.02,54.09,480.47,2021-12-03 11:36:43
787,00:13:07,23.66,1490.67,127.0,24.39,1.5,36.81,24.69,15.6,1000.7,25.02,54.09,730.47,2021-12-03 11:36:44
788,00:13:08,19.48,1227.0,126.0,27.1,1.19,32.37,26.38,15.83,997.7,25.02,54.18,482.42,2021-12-03 11:36:45
789,00:13:09,19.48,1227.0,125.0,27.1,1.19,32.37,26.38,15.83,997.7,25.02,54.18,484.38,2021-12-03 11:36:46
790,00:13:10,19.48,1227.0,125.0,27.1,1.19,32.37,26.38,15.83,997.7,25.02,54.18,476.56,2021-12-03 11:36:47
791,00:13:11,24.93,1570.67,125.0,23.21,1.61,37.46,23.85,15.43,999.0,25.02,54.23,480.47,2021-12-03 11:36:48
792,00:13:12,24.93,1570.67,125.0,23.21,1.61,37.46,23.85,15.43,999.0,25.02,54.23,474.61,2021-12-03 11:36:49
793,00:13:13,27.33,1722.0,125.0,26.78,1.48,39.73,23.07,15.2,997.7,25.02,54.28,480.47,2021-12-03 11:36:50
794,00:13:14,27.33,1722.0,125.0,26.78,1.48,39.73,23.07,15.2,997.7,25.02,54.28,482.42,2021-12-03 11:36:51
795,00:13:15,27.48,1731.17,124.0,27.06,1.52,41.27,23.84,15.4,998.8,25.03,54.35,485.16,2021-12-03 11:36:52
796,00:13:16,27.48,1731.17,124.0,27.06,1.52,41.27,23.84,15.4,998.8,25.03,54.35,483.89,2021-12-03 11:36:53
797,00:13:17,21.01,1323.67,124.0,26.78,1.25,33.6,25.38,15.66,999.4,25.03,54.4,484.38,2021-12-03 11:36:54
798,00:13:18,21.01,1323.67,124.0,26.78,1.25,33.6,25.38,15.66,999.4,25.03,54.4,484.38,2021-12-03 11:36:55
799,00:13:19,25.57,1611.17,124.0,27.65,1.4,38.99,24.2,15.46,999.3,25.03,54.43,484.38,2021-12-03 11:36:56
800,00:13:20,25.57,1611.17,124.0,27.65,1.4,38.99,24.2,15.46,999.3,25.03,54.43,575.0,2021-12-03 11:36:57
801,00:13:21,25.57,1611.17,124.0,27.65,1.4,38.99,24.2,15.46,999.3,25.03,54.43,478.52,2021-12-03 11:36:58
802,00:13:22,27.04,1703.67,125.0,25.27,1.62,41.09,24.12,15.51,1001.9,25.02,54.46,480.47,2021-12-03 11:36:59
803,00:13:23,27.04,1703.67,125.0,25.27,1.62,41.09,24.12,15.51,1001.9,25.02,54.46,480.47,2021-12-03 11:37:00
804,00:13:24,23.68,1491.83,125.0,26.76,1.36,36.56,24.51,15.53,1002.0,25.03,54.51,478.52,2021-12-03 11:37:01
805,00:13:25,23.68,1491.83,125.0,26.76,1.36,36.56,24.51,15.53,1002.0,25.03,54.51,480.47,2021-12-03 11:37:02
806,00:13:26,24.53,1545.33,125.0,24.5,1.48,36.42,23.57,15.32,998.0,25.03,54.58,476.56,2021-12-03 11:37:03
807,00:13:27,24.53,1545.33,126.0,24.5,1.48,36.42,23.57,15.32,998.0,25.03,54.58,472.66,2021-12-03 11:37:04
808,00:13:28,24.53,1545.33,126.0,24.5,1.48,36.42,23.57,15.32,998.0,25.03,54.58,474.61,2021-12-03 11:37:05
809,00:13:29,28.02,1765.0,127.0,26.91,1.54,41.65,23.6,15.35,997.9,25.03,54.62,466.8,2021-12-03 11:37:06
810,00:13:30,28.02,1765.0,127.0,26.91,1.54,41.65,23.6,15.35,997.9,25.03,54.62,466.8,2021-12-03 11:37:07
811,00:13:31,23.85,1502.5,128.0,30.4,1.24,37.83,25.18,15.62,1000.0,25.03,54.67,468.75,2021-12-03 11:37:08
812,00:13:32,23.85,1502.5,128.0,30.4,1.24,37.83,25.18,15.62,1000.0,25.03,54.67,468.75,2021-12-03 11:37:09
813,00:13:33,28.39,1788.67,128.0,24.14,1.78,43.16,24.13,15.52,997.8,25.03,54.71,478.52,2021-12-03 11:37:10
814,00:13:34,28.39,1788.67,127.0,24.14,1.78,43.16,24.13,15.52,997.8,25.03,54.71,472.17,2021-12-03 11:37:11
815,00:13:35,28.39,1788.67,127.0,24.14,1.78,43.16,24.13,15.52,997.8,25.03,54.71,716.8,2021-12-03 11:37:12
816,00:13:36,22.02,1387.5,127.0,23.17,1.51,35.15,25.33,15.73,998.8,25.03,54.8,474.61,2021-12-03 11:37:13
817,00:13:37,22.02,1387.5,127.0,23.17,1.51,35.15,25.33,15.73,998.8,25.03,54.8,476.56,2021-12-03 11:37:14
818,00:13:38,26.98,1699.67,127.0,27.11,1.5,40.88,24.05,15.45,998.6,25.03,54.83,960.94,2021-12-03 11:37:15
819,00:13:39,26.98,1699.67,126.0,27.11,1.5,40.88,24.05,15.45,998.6,25.03,54.83,478.52,2021-12-03 11:37:16
820,00:13:40,26.07,1642.33,126.0,25.84,1.5,38.87,23.67,15.37,1000.3,25.04,54.85,480.47,2021-12-03 11:37:17
821,00:13:41,26.07,1642.33,126.0,25.84,1.5,38.87,23.67,15.37,1000.3,25.04,54.85,472.66,2021-12-03 11:37:18
822,00:13:42,26.07,1642.33,126.0,25.84,1.5,38.87,23.67,15.37,1000.3,25.04,54.85,472.66,2021-12-03 11:37:19
823,00:13:43,26.68,1680.67,126.0,20.59,1.85,38.24,22.75,15.21,997.6,25.04,54.88,464.84,2021-12-03 11:37:20
824,00:13:44,26.68,1680.67,126.0,20.59,1.85,38.24,22.75,15.21,997.6,25.04,54.88,464.84,2021-12-03 11:37:21
825,00:13:45,24.7,1556.0,126.0,25.86,1.42,36.87,23.7,15.36,1001.6,25.04,54.92,955.08,2021-12-03 11:37:22
826,00:13:46,24.7,1556.0,126.0,25.86,1.42,36.87,23.7,15.36,1001.6,25.04,54.92,480.47,2021-12-03 11:37:23
827,00:13:47,24.7,1556.0,126.0,25.86,1.42,36.87,23.7,15.36,1001.6,25.04,54.92,473.96,2021-12-03 11:37:24
828,00:13:48,23.08,1454.17,126.0,24.4,1.42,34.84,23.96,15.41,999.4,25.03,54.95,472.66,2021-12-03 11:37:25
829,00:13:49,23.08,1454.17,126.0,24.4,1.42,34.84,23.96,15.41,999.4,25.03,54.95,474.61,2021-12-03 11:37:26
830,00:13:50,29.04,1829.5,127.0,30.26,1.43,43.34,23.69,15.35,1000.0,25.04,54.98,470.7,2021-12-03 11:37:27
831,00:13:51,29.04,1829.5,127.0,30.26,1.43,43.34,23.69,15.35,1000.0,25.04,54.98,470.7,2021-12-03 11:37:28
832,00:13:52,29.04,1829.5,127.0,30.26,1.43,43.34,23.69,15.35,1000.0,25.04,54.98,462.89,2021-12-03 11:37:29
833,00:13:53,25.33,1596.0,128.0,21.13,1.76,37.35,23.4,15.36,999.1,25.03,55.03,464.84,2021-12-03 11:37:30
834,00:13:54,25.33,1596.0,128.0,21.13,1.76,37.35,23.4,15.36,999.1,25.03,55.03,618.16,2021-12-03 11:37:31
835,00:13:55,27.5,1732.33,128.0,25.19,1.59,40.09,23.14,15.27,1001.8,25.04,55.06,462.89,2021-12-03 11:37:32
836,00:13:56,27.5,1732.33,129.0,25.19,1.59,40.09,23.14,15.27,1001.8,25.04,55.06,464.84,2021-12-03 11:37:33
837,00:13:57,27.5,1732.33,130.0,25.19,1.59,40.09,23.14,15.27,1001.8,25.04,55.06,462.89,2021-12-03 11:37:34
838,00:13:58,25.95,1635.0,129.0,23.35,1.63,38.24,23.39,15.34,1001.9,25.04,55.1,468.75,2021-12-03 11:37:35
839,00:13:59,25.95,1635.0,129.0,23.35,1.63,38.24,23.39,15.34,1001.9,25.04,55.1,466.8,2021-12-03 11:37:36
840,00:14:00,24.24,1527.33,129.0,23.45,1.52,35.73,23.39,15.29,998.0,25.05,55.14,466.8,2021-12-03 11:37:37
841,00:14:01,24.24,1527.33,128.0,23.45,1.52,35.73,23.39,15.29,998.0,25.05,55.14,467.45,2021-12-03 11:37:38
842,00:14:02,24.24,1527.33,129.0,23.45,1.52,35.73,23.39,15.29,998.0,25.05,55.14,462.89,2021-12-03 11:37:39
843,00:14:03,24.24,1527.33,129.0,23.45,1.52,35.73,23.39,15.29,998.0,25.05,55.14,925.78,2021-12-03 11:37:40
844,00:14:04,29.69,1870.67,129.0,18.28,2.38,43.62,23.32,15.42,997.3,25.05,55.19,474.61,2021-12-03 11:37:41
845,00:14:05,29.69,1870.67,129.0,18.28,2.38,43.62,23.32,15.42,997.3,25.05,55.19,464.84,2021-12-03 11:37:42
846,00:14:06,23.33,1470.0,129.0,23.53,1.55,36.49,24.82,15.63,999.2,25.05,55.29,462.89,2021-12-03 11:37:43
847,00:14:07,23.33,1470.0,129.0,23.53,1.55,36.49,24.82,15.63,999.2,25.05,55.29,941.41,2021-12-03 11:37:44
848,00:14:08,22.63,1425.83,129.0,30.22,1.2,36.42,25.54,15.68,1001.6,25.05,55.38,468.75,2021-12-03 11:37:45
849,00:14:09,22.63,1425.83,128.0,30.22,1.2,36.42,25.54,15.68,1001.6,25.05,55.38,476.56,2021-12-03 11:37:46
850,00:14:10,24.6,1549.5,128.0,28.3,1.31,37.07,23.92,15.35,997.4,25.05,55.43,470.7,2021-12-03 11:37:47
851,00:14:11,24.6,1549.5,127.0,28.3,1.31,37.07,23.92,15.35,997.4,25.05,55.43,478.03,2021-12-03 11:37:48
852,00:14:12,24.6,1549.5,127.0,28.3,1.31,37.07,23.92,15.35,997.4,25.05,55.43,470.7,2021-12-03 11:37:49
853,00:14:13,26.74,1684.83,127.0,27.02,1.44,39.08,23.2,15.22,998.3,25.05,55.48,474.61,2021-12-03 11:37:50
854,00:14:14,26.74,1684.83,127.0,27.02,1.44,39.08,23.2,15.22,998.3,25.05,55.48,472.66,2021-12-03 11:37:51
855,00:14:15,24.25,1527.83,127.0,23.4,1.51,35.44,23.2,15.25,999.0,25.05,55.51,476.56,2021-12-03 11:37:52
856,00:14:16,24.25,1527.83,126.0,23.4,1.51,35.44,23.2,15.25,999.0,25.05,55.51,480.47,2021-12-03 11:37:53
857,00:14:17,27.77,1749.67,126.0,26.48,1.51,40.07,22.9,15.17,997.6,25.05,55.5,473.96,2021-12-03 11:37:54
858,00:14:18,27.77,1749.67,126.0,26.48,1.51,40.07,22.9,15.17,997.6,25.05,55.5,472.66,2021-12-03 11:37:55
859,00:14:19,27.77,1749.67,126.0,26.48,1.51,40.07,22.9,15.17,997.6,25.05,55.5,470.7,2021-12-03 11:37:56
860,00:14:20,26.64,1678.33,127.0,26.71,1.46,39.22,23.37,15.27,998.2,25.05,55.52,476.56,2021-12-03 11:37:57
861,00:14:21,26.64,1678.33,127.0,26.71,1.46,39.22,23.37,15.27,998.2,25.05,55.52,476.56,2021-12-03 11:37:58
862,00:14:22,21.47,1352.5,126.0,27.26,1.22,33.39,24.69,15.5,999.9,25.06,55.53,476.56,2021-12-03 11:37:59
863,00:14:23,21.47,1352.5,126.0,27.26,1.22,33.39,24.69,15.5,999.9,25.06,55.53,472.66,2021-12-03 11:38:00
864,00:14:24,26.24,1652.83,126.0,27.1,1.43,38.99,23.59,15.32,999.3,25.05,55.57,468.75,2021-12-03 11:38:01
865,00:14:25,26.24,1652.83,127.0,27.1,1.43,38.99,23.59,15.32,999.3,25.05,55.57,470.7,2021-12-03 11:38:02
866,00:14:26,26.52,1670.67,128.0,26.39,1.47,38.93,23.3,15.25,997.4,25.05,55.57,467.45,2021-12-03 11:38:03
867,00:14:27,26.52,1670.67,128.0,26.39,1.47,38.93,23.3,15.25,997.4,25.05,55.57,462.89,2021-12-03 11:38:04
868,00:14:28,27.75,1748.33,128.0,27.17,1.46,39.74,22.73,15.11,998.6,25.05,55.59,460.94,2021-12-03 11:38:05
869,00:14:29,27.75,1748.33,129.0,27.17,1.46,39.74,22.73,15.11,998.6,25.05,55.59,465.58,2021-12-03 11:38:06
870,00:14:30,27.75,1748.33,129.0,27.17,1.46,39.74,22.73,15.11,998.6,25.05,55.59,468.75,2021-12-03 11:38:07
871,00:14:31,28.53,1797.67,129.0,25.93,1.59,41.42,23.04,15.23,998.1,25.06,55.59,466.8,2021-12-03 11:38:08
872,00:14:32,28.53,1797.67,129.0,25.93,1.59,41.42,23.04,15.23,998.1,25.06,55.59,937.5,2021-12-03 11:38:09
873,00:14:33,25.11,1582.0,129.0,27.01,1.39,37.6,23.77,15.35,999.2,25.06,55.61,463.54,2021-12-03 11:38:10
874,00:14:34,25.11,1582.0,129.0,27.01,1.39,37.6,23.77,15.35,999.2,25.06,55.61,466.8,2021-12-03 11:38:11
875,00:14:35,26.82,1689.67,129.0,26.43,1.52,40.35,23.88,15.43,1001.4,25.06,55.65,462.89,2021-12-03 11:38:12
876,00:14:36,26.82,1689.67,129.0,26.43,1.52,40.35,23.88,15.43,1001.4,25.06,55.65,466.8,2021-12-03 11:38:13
877,00:14:37,26.82,1689.67,129.0,26.43,1.52,40.35,23.88,15.43,1001.4,25.06,55.65,464.84,2021-12-03 11:38:14
878,00:14:38,24.95,1572.0,129.0,24.08,1.56,37.67,23.96,15.44,998.2,25.06,55.69,468.75,2021-12-03 11:38:15
879,00:14:39,24.95,1572.0,129.0,24.08,1.56,37.67,23.96,15.44,998.2,25.06,55.69,933.59,2021-12-03 11:38:16
880,00:14:40,25.99,1637.33,129.0,26.39,1.47,38.97,23.8,15.37,997.8,25.06,55.76,467.45,2021-12-03 11:38:17
881,00:14:41,25.99,1637.33,129.0,26.39,1.47,38.97,23.8,15.37,997.8,25.06,55.76,464.84,2021-12-03 11:38:18
882,00:14:42,25.99,1637.33,129.0,26.39,1.47,38.97,23.8,15.37,997.8,25.06,55.76,462.89,2021-12-03 11:38:19
883,00:14:43,27.01,1701.83,129.0,23.33,1.71,40.05,23.53,15.37,997.7,25.06,55.8,470.7,2021-12-03 11:38:20
884,00:14:44,27.01,1701.83,129.0,23.33,1.71,40.05,23.53,15.37,997.7,25.06,55.8,466.8,2021-12-03 11:38:21
885,00:14:45,24.17,1522.67,129.0,27.57,1.34,37.15,24.4,15.48,999.1,25.07,55.85,468.75,2021-12-03 11:38:22
886,00:14:46,24.17,1522.67,128.0,27.57,1.34,37.15,24.4,15.48,999.1,25.07,55.85,470.7,2021-12-03 11:38:23
887,00:14:47,24.66,1553.83,128.0,27.46,1.35,37.31,24.01,15.4,999.9,25.07,55.91,468.26,2021-12-03 11:38:24
888,00:14:48,24.66,1553.83,128.0,27.46,1.35,37.31,24.01,15.4,999.9,25.07,55.91,1414.06,2021-12-03 11:38:25
889,00:14:49,26.85,1691.33,128.0,29.6,1.35,40.23,23.79,15.35,999.9,25.07,55.93,466.8,2021-12-03 11:38:26
890,00:14:50,26.85,1691.33,128.0,29.6,1.35,40.23,23.79,15.35,999.9,25.07,55.93,472.66,2021-12-03 11:38:27
891,00:14:51,23.12,1456.5,128.0,28.11,1.27,35.95,24.68,15.51,998.5,25.07,55.96,466.8,2021-12-03 11:38:28
892,00:14:52,23.12,1456.5,128.0,28.11,1.27,35.95,24.68,15.51,998.5,25.07,55.96,468.75,2021-12-03 11:38:29
893,00:14:53,23.12,1456.5,128.0,28.11,1.27,35.95,24.68,15.51,998.5,25.07,55.96,567.19,2021-12-03 11:38:30
894,00:14:54,20.28,1277.5,127.0,17.35,1.74,30.28,23.7,15.43,1000.1,25.07,55.99,475.26,2021-12-03 11:38:31
895,00:14:55,20.28,1277.5,127.0,17.35,1.74,30.28,23.7,15.43,1000.1,25.07,55.99,462.89,2021-12-03 11:38:32
896,00:14:56,20.28,1277.5,127.0,17.35,1.74,30.28,23.7,15.43,1000.1,25.07,55.99,464.84,2021-12-03 11:38:33
897,00:14:57,29.45,1855.17,128.0,26.95,1.59,43.08,23.22,15.29,1001.4,25.07,55.95,460.94,2021-12-03 11:38:34
898,00:14:58,29.45,1855.17,129.0,26.95,1.59,43.08,23.22,15.29,1001.4,25.07,55.95,460.94,2021-12-03 11:38:35
899,00:14:59,28.05,1767.17,129.0,23.95,1.6,38.53,21.8,14.9,997.9,25.07,55.94,464.84,2021-12-03 11:38:36
900,00:15:00,28.05,1767.17,130.0,23.95,1.6,38.53,21.8,14.9,997.9,25.07,55.94,459.38,2021-12-03 11:38:37
901,00:15:01,25.51,1607.33,130.0,27.65,1.34,37.22,23.16,15.19,1000.1,25.07,55.9,462.89,2021-12-03 11:38:38
902,00:15:02,25.51,1607.33,130.0,27.65,1.34,37.22,23.16,15.19,1000.1,25.07,55.9,455.08,2021-12-03 11:38:39
903,00:15:03,26.98,1699.67,131.0,37.23,1.14,42.68,25.11,15.54,997.7,25.07,55.93,458.98,2021-12-03 11:38:40
904,00:15:04,26.76,1686.0,131.0,41.3,1.05,43.66,25.9,15.67,998.2,25.07,55.94,456.54,2021-12-03 11:38:41
905,00:15:05,26.76,1686.0,131.0,41.3,1.05,43.66,25.9,15.67,998.2,25.07,55.94,453.12,2021-12-03 11:38:42
906,00:15:06,25.43,1602.33,,38.44,1.12,43.06,26.87,15.9,999.9,25.08,55.99,,2021-12-03 11:38:43
